1,Quincy Acy,PF,22.0,TOR,29.0,0.0,11.8,1.4,2.6,0.56,0.0,0.1,0.5,1.4,2.5,0.562,0.567,1.1,1.3,0.816,1.0,1.6,2.7,0.4,0.4,0.5,0.6,1.8,4.0,acyqu01
2,Jeff Adrien,PF,26.0,CHA,52.0,5.0,13.7,1.4,3.2,0.429,0.0,0.0,0.0,1.4,3.2,0.434,0.429,1.3,1.9,0.65,1.3,2.5,3.8,0.7,0.3,0.5,0.6,1.5,4.0,adrieje01
3,Arron Afflalo,SF,27.0,ORL,64.0,64.0,36.0,6.2,14.1,0.439,1.1,3.8,0.3,5.1,10.4,0.489,0.478,3.0,3.5,0.857,0.5,3.3,3.7,3.2,0.6,0.2,2.2,2.1,16.5,afflaar01
4,Josh Akognon,PG,26.0,DAL,3.0,0.0,3.0,0.7,1.3,0.5,0.3,0.7,0.5,0.3,0.7,0.5,0.625,0.0,0.0,0.0,0.0,0.3,0.3,0.3,0.0,0.0,0.0,1.0,1.7,akognjo01
5,Cole Aldrich,C,24.0,TOT,45.0,0.0,8.6,1.0,1.8,0.55,0.0,0.0,0.0,1.0,1.8,0.55,0.55,0.3,0.4,0.6,0.7,2.0,2.7,0.2,0.1,0.5,0.5,1.3,2.2,aldrico01
6,LaMarcus Aldridge,PF,27.0,POR,74.0,74.0,37.7,8.6,17.8,0.484,0.0,0.2,0.143,8.6,17.6,0.488,0.485,3.8,4.7,0.81,2.4,6.7,9.1,2.6,0.8,1.2,1.9,2.5,21.1,aldrila01
7,Lavoy Allen,C,23.0,PHI,79.0,37.0,21.1,2.6,5.7,0.454,0.0,0.0,0.0,2.6,5.7,0.455,0.454,0.5,0.8,0.717,2.0,3.0,5.0,0.9,0.3,0.7,0.7,2.3,5.8,allenla01
8,Ray Allen*,SG,37.0,MIA,79.0,0.0,25.8,3.7,8.2,0.449,1.8,4.2,0.419,1.9,4.0,0.48,0.555,1.8,2.0,0.886,0.5,2.2,2.7,1.7,0.8,0.2,1.3,1.6,10.9,allenra02
9,Tony Allen,SG,31.0,MEM,79.0,79.0,26.7,3.6,8.1,0.445,0.0,0.3,0.125,3.6,7.8,0.458,0.447,1.7,2.4,0.717,1.5,3.1,4.6,1.2,1.5,0.6,1.2,2.7,8.9,allento01
10,Al-Farouq Aminu,SF,22.0,NOH,76.0,71.0,27.2,3.0,6.2,0.475,0.1,0.3,0.211,2.9,6.0,0.486,0.479,1.3,1.8,0.737,1.8,5.9,7.7,1.4,1.2,0.7,1.5,2.0,7.3,aminual01
11,Lou Amundson,PF,30.0,TOT,39.0,0.0,9.5,0.8,2.1,0.395,0.0,0.0,0.0,0.8,2.1,0.395,0.395,0.3,0.9,0.333,1.2,1.5,2.7,0.3,0.4,0.3,0.5,1.4,1.9,amundlo01
12,Chris Andersen,C,34.0,MIA,42.0,0.0,14.9,1.7,2.9,0.577,0.0,0.1,0.667,1.6,2.9,0.575,0.585,1.5,2.2,0.677,1.4,2.7,4.1,0.4,0.4,1.0,0.6,2.1,4.9,anderch01
13,Alan Anderson,SF,30.0,TOR,65.0,2.0,23.0,3.6,9.5,0.383,1.5,4.4,0.333,2.2,5.1,0.426,0.46,1.9,2.3,0.857,0.5,1.8,2.3,1.6,0.7,0.1,1.2,2.0,10.7,anderal01
14,James Anderson,SG-SF,23.0,TOT,39.0,2.0,10.3,1.3,3.2,0.413,0.5,1.5,0.35,0.8,1.7,0.47,0.496,0.6,0.7,0.857,0.5,1.4,1.8,1.1,0.4,0.1,0.6,0.6,3.8,anderja01
15,Ryan Anderson,PF,24.0,NOH,81.0,22.0,30.9,5.8,13.8,0.423,2.6,6.9,0.382,3.2,6.9,0.464,0.519,1.9,2.2,0.844,2.4,4.0,6.4,1.2,0.5,0.4,1.2,2.2,16.2,anderry01
16,Carmelo Anthony,PF,28.0,NYK,67.0,67.0,37.0,10.0,22.2,0.449,2.3,6.2,0.379,7.6,16.0,0.476,0.502,6.3,7.6,0.83,2.0,4.9,6.9,2.6,0.8,0.5,2.6,3.1,28.7,anthoca01
17,Joel Anthony,C,30.0,MIA,62.0,3.0,9.1,0.6,1.1,0.515,0.0,0.0,0.0,0.6,1.1,0.515,0.515,0.3,0.5,0.607,0.7,1.1,1.9,0.2,0.2,0.7,0.4,0.8,1.4,anthojo01
18,Trevor Ariza,SF,27.0,WAS,56.0,15.0,26.3,3.4,8.1,0.417,1.4,3.7,0.364,2.0,4.3,0.463,0.501,1.4,1.7,0.821,0.8,4.0,4.8,2.0,1.3,0.4,1.5,1.3,9.5,arizatr01
19,Darrell Arthur,PF,24.0,MEM,59.0,3.0,16.4,2.7,6.1,0.451,0.1,0.3,0.278,2.7,5.8,0.46,0.458,0.6,0.8,0.717,1.2,1.7,2.9,0.6,0.4,0.6,0.7,2.1,6.1,arthuda01
20,Ömer Aşık,C,26.0,HOU,82.0,82.0,30.0,4.0,7.5,0.541,0.0,0.0,0.0,4.0,7.5,0.542,0.541,2.0,3.6,0.562,3.4,8.3,11.7,0.9,0.6,1.1,2.1,2.7,10.1,asikom01
21,D.J. Augustin,PG,25.0,IND,76.0,5.0,16.1,1.4,3.9,0.35,0.9,2.5,0.353,0.5,1.4,0.346,0.464,1.1,1.3,0.838,0.3,0.9,1.2,2.2,0.4,0.0,0.9,0.8,4.7,augusdj01
22,Gustavo Ayón,C,27.0,TOT,55.0,3.0,13.3,1.7,3.0,0.551,0.0,0.0,0.0,1.7,3.0,0.551,0.551,0.4,0.9,0.4,1.1,2.5,3.6,1.3,0.4,0.3,0.9,1.9,3.7,ayongu01
23,Jeff Ayres,PF,25.0,IND,37.0,0.0,10.0,1.6,3.4,0.484,0.1,0.1,0.5,1.6,3.3,0.484,0.492,0.6,0.6,0.913,0.8,2.0,2.8,0.4,0.2,0.3,0.6,1.2,3.9,pendeje02
24,Luke Babbitt,PF,23.0,POR,62.0,0.0,11.8,1.4,3.8,0.368,1.0,2.9,0.348,0.4,0.9,0.429,0.5,0.2,0.2,0.769,0.2,2.0,2.2,0.5,0.2,0.1,0.4,1.3,3.9,babbilu01
25,Leandro Barbosa,PG,30.0,BOS,41.0,2.0,12.5,2.0,4.7,0.43,0.4,1.1,0.383,1.6,3.6,0.445,0.477,0.8,1.0,0.756,0.2,0.9,1.1,1.4,0.4,0.1,0.5,1.2,5.2,barbole01
26,J.J. Barea,PG,28.0,MIN,74.0,2.0,23.1,4.3,10.2,0.417,1.3,3.8,0.346,3.0,6.5,0.458,0.481,1.4,1.8,0.784,0.5,2.3,2.8,4.0,0.4,0.0,2.0,1.8,11.3,bareajo01
27,Andrea Bargnani,PF,27.0,TOR,35.0,25.0,28.7,4.9,12.2,0.399,1.1,3.5,0.309,3.8,8.7,0.436,0.444,1.9,2.2,0.844,0.7,2.9,3.7,1.1,0.6,0.7,1.5,1.8,12.7,bargnan01
28,Harrison Barnes,SF,20.0,GSW,81.0,81.0,25.4,3.4,7.8,0.439,0.6,1.8,0.359,2.8,6.0,0.464,0.481,1.8,2.3,0.758,0.7,3.5,4.1,1.2,0.6,0.2,1.2,1.7,9.2,barneha02
29,Matt Barnes,SF,32.0,LAC,80.0,4.0,25.7,3.9,8.4,0.462,1.4,4.1,0.342,2.5,4.4,0.574,0.544,1.1,1.5,0.744,1.4,3.2,4.6,1.5,1.0,0.8,1.1,2.9,10.3,barnema02
30,Earl Barron,C,31.0,TOT,12.0,2.0,13.3,1.5,4.3,0.353,0.0,0.0,0.0,1.5,4.3,0.353,0.353,0.3,0.6,0.429,1.8,3.3,5.1,0.4,0.4,0.5,0.9,2.0,3.3,barroea01
31,Will Barton,SG,22.0,POR,73.0,5.0,12.2,1.6,4.2,0.382,0.1,0.9,0.138,1.5,3.3,0.447,0.396,0.7,0.9,0.769,0.5,1.5,2.0,0.8,0.5,0.1,0.8,0.8,4.0,bartowi01
32,Brandon Bass,PF,27.0,BOS,81.0,69.0,27.6,3.5,7.3,0.486,0.0,0.0,0.0,3.5,7.2,0.487,0.486,1.6,1.9,0.86,1.6,3.7,5.2,1.0,0.5,0.8,1.0,2.3,8.7,bassbr01
33,Shane Battier,SF,34.0,MIA,72.0,20.0,24.8,2.1,5.0,0.42,1.9,4.4,0.43,0.2,0.6,0.348,0.608,0.4,0.5,0.842,0.5,1.8,2.3,1.0,0.6,0.8,0.5,2.1,6.6,battish01
34,Nicolas Batum,SF,24.0,POR,73.0,73.0,38.5,4.8,11.4,0.423,2.3,6.1,0.372,2.6,5.3,0.481,0.522,2.4,2.9,0.848,1.3,4.3,5.6,4.9,1.2,1.1,2.6,1.9,14.3,batumni01
35,Jerryd Bayless,PG,24.0,MEM,80.0,4.0,22.1,3.3,7.8,0.419,0.9,2.5,0.353,2.4,5.3,0.45,0.476,1.3,1.5,0.836,0.3,1.9,2.2,3.3,0.7,0.2,1.5,2.1,8.7,bayleje01
36,Aron Baynes,C,26.0,SAS,16.0,0.0,8.8,1.1,2.3,0.5,0.0,0.1,0.0,1.1,2.2,0.514,0.5,0.4,0.8,0.583,0.8,1.3,2.0,0.3,0.1,0.4,0.7,1.4,2.7,baynear01
37,Kent Bazemore,SG,23.0,GSW,61.0,0.0,4.4,0.7,1.9,0.371,0.2,0.6,0.294,0.5,1.3,0.402,0.414,0.4,0.7,0.614,0.1,0.3,0.4,0.4,0.3,0.1,0.3,0.4,2.0,bazemke01
38,Bradley Beal,SG,19.0,WAS,56.0,46.0,31.2,5.0,12.3,0.41,1.6,4.2,0.386,3.4,8.1,0.424,0.477,2.2,2.8,0.786,0.8,3.0,3.8,2.4,0.9,0.5,1.6,2.0,13.9,bealbr01
39,Michael Beasley,SF,24.0,PHO,75.0,20.0,20.7,4.1,10.2,0.405,0.6,1.9,0.313,3.5,8.3,0.426,0.434,1.3,1.7,0.746,0.7,3.1,3.8,1.5,0.4,0.5,1.9,1.4,10.1,beaslmi01
40,Rodrigue Beaubois,PG,24.0,DAL,45.0,0.0,12.2,1.4,3.9,0.369,0.5,1.6,0.292,1.0,2.3,0.423,0.429,0.7,0.8,0.789,0.2,1.1,1.3,1.9,0.4,0.1,0.7,1.2,4.0,beaubro01
41,Marco Belinelli,SG,26.0,CHI,73.0,27.0,25.8,3.3,8.4,0.395,1.1,3.0,0.357,2.2,5.3,0.416,0.46,1.9,2.3,0.839,0.2,1.7,1.9,2.0,0.6,0.1,1.1,1.9,9.6,belinma01
42,Patrick Beverley,PG,24.0,HOU,41.0,0.0,17.4,1.9,4.6,0.418,0.9,2.3,0.375,1.0,2.3,0.462,0.513,0.8,1.0,0.829,1.1,1.6,2.7,2.9,0.9,0.5,1.1,2.0,5.6,beverpa01
43,Andris Biedriņš,C,26.0,GSW,53.0,9.0,9.3,0.2,0.4,0.476,0.0,0.0,0.0,0.2,0.4,0.476,0.476,0.1,0.2,0.308,0.6,2.2,2.9,0.3,0.3,0.8,0.3,1.9,0.5,biedran01
44,Chauncey Billups,SG,36.0,LAC,22.0,22.0,19.0,2.4,6.0,0.402,1.5,4.1,0.367,0.9,1.9,0.476,0.527,2.0,2.2,0.938,0.1,1.4,1.5,2.2,0.5,0.0,1.2,1.1,8.4,billuch01
45,Bismack Biyombo,C,20.0,CHA,80.0,65.0,27.3,2.0,4.3,0.451,0.0,0.0,0.0,2.0,4.3,0.451,0.451,0.9,1.8,0.521,2.4,4.9,7.3,0.4,0.4,1.8,1.0,2.4,4.8,biyombi01
46,DeJuan Blair,PF,23.0,SAS,61.0,16.0,14.0,2.3,4.4,0.524,0.0,0.0,0.0,2.3,4.4,0.526,0.524,0.7,1.1,0.629,1.1,2.7,3.8,0.7,0.6,0.2,0.8,1.8,5.4,blairde01
47,Steve Blake,PG,32.0,LAL,45.0,13.0,26.1,2.5,6.0,0.422,1.6,3.8,0.421,0.9,2.2,0.424,0.556,0.6,0.8,0.771,0.5,2.5,2.9,3.8,0.8,0.1,1.4,1.8,7.3,blakest01
48,Andray Blatche,C,26.0,BRK,82.0,8.0,19.0,4.2,8.2,0.512,0.0,0.3,0.136,4.2,8.0,0.524,0.514,1.8,2.6,0.685,2.0,3.1,5.1,1.0,1.0,0.7,1.5,2.0,10.3,blatcan01
49,Eric Bledsoe,PG,23.0,LAC,76.0,12.0,20.4,3.3,7.5,0.445,0.4,1.0,0.397,2.9,6.4,0.453,0.473,1.4,1.8,0.791,1.0,1.9,3.0,3.1,1.4,0.7,1.8,1.5,8.5,bledser01
50,Keith Bogans,SG,32.0,BRK,74.0,23.0,19.0,1.5,3.8,0.38,1.1,3.3,0.343,0.3,0.5,0.615,0.528,0.1,0.2,0.647,0.2,1.4,1.6,1.0,0.4,0.1,0.7,1.5,4.2,boganke01
51,Andrew Bogut,C,28.0,GSW,32.0,32.0,24.6,2.6,5.8,0.451,0.0,0.0,1.0,2.6,5.7,0.448,0.454,0.6,1.2,0.5,2.1,5.5,7.7,2.1,0.6,1.7,1.1,2.7,5.8,bogutan01
52,Matt Bonner,PF,32.0,SAS,68.0,4.0,13.4,1.6,3.4,0.487,0.8,1.8,0.442,0.9,1.6,0.536,0.602,0.2,0.2,0.733,0.4,1.5,1.9,0.5,0.3,0.3,0.2,1.3,4.2,bonnema01
53,Trevor Booker,PF,25.0,WAS,48.0,14.0,18.5,2.3,4.6,0.491,0.0,0.1,0.0,2.3,4.5,0.502,0.491,0.8,1.5,0.556,2.0,2.9,5.0,0.8,0.7,0.3,0.6,2.0,5.3,booketr01
54,Carlos Boozer,PF,31.0,CHI,79.0,79.0,32.2,6.9,14.4,0.477,0.0,0.0,0.0,6.9,14.4,0.478,0.477,2.4,3.3,0.731,2.2,7.5,9.8,2.3,0.8,0.4,2.2,3.0,16.2,boozeca01
55,Chris Bosh*,C,28.0,MIA,74.0,74.0,33.2,6.6,12.3,0.535,0.3,1.0,0.284,6.3,11.3,0.557,0.546,3.3,4.1,0.798,1.8,5.0,6.8,1.7,0.9,1.4,1.7,2.3,16.6,boshch01
56,Avery Bradley,PG,22.0,BOS,50.0,50.0,28.7,3.8,9.6,0.402,0.8,2.5,0.317,3.0,7.0,0.432,0.444,0.7,1.0,0.755,0.6,1.6,2.2,2.1,1.3,0.4,1.4,2.6,9.2,bradlav01
57,Elton Brand,C,33.0,DAL,72.0,18.0,21.2,3.1,6.6,0.473,0.0,0.0,0.0,3.1,6.6,0.474,0.473,0.9,1.3,0.71,1.8,4.2,6.0,1.0,0.7,1.3,0.8,2.7,7.2,brandel01
58,Corey Brewer,SF,26.0,DEN,82.0,2.0,24.4,4.6,10.8,0.425,1.1,3.7,0.296,3.5,7.0,0.493,0.476,1.8,2.6,0.69,0.7,2.2,2.9,1.5,1.4,0.3,1.2,1.9,12.1,breweco01
59,Ronnie Brewer,SF,27.0,TOT,60.0,34.0,14.2,1.2,3.3,0.354,0.4,1.3,0.303,0.8,2.0,0.385,0.412,0.3,0.7,0.41,0.7,1.6,2.3,0.8,0.7,0.1,0.3,0.6,3.0,brewero02
60,Aaron Brooks,PG,28.0,TOT,53.0,20.0,18.8,2.7,6.0,0.453,0.9,2.5,0.373,1.8,3.4,0.511,0.532,0.8,1.0,0.769,0.2,1.3,1.5,2.2,0.6,0.2,1.3,1.8,7.1,brookaa01
61,MarShon Brooks,SG,24.0,BRK,73.0,2.0,12.5,2.1,4.6,0.463,0.2,0.8,0.273,1.9,3.8,0.5,0.485,0.9,1.3,0.734,0.4,1.0,1.4,1.0,0.5,0.2,0.9,1.3,5.4,brookma01
62,Kwame Brown,C,30.0,PHI,22.0,11.0,12.2,0.8,1.7,0.459,0.0,0.0,0.0,0.8,1.7,0.459,0.459,0.3,0.9,0.368,1.0,2.3,3.4,0.4,0.3,0.5,0.4,1.7,1.9,brownkw01
63,Shannon Brown,SG,27.0,PHO,59.0,22.0,23.8,4.1,9.7,0.42,0.7,2.4,0.277,3.4,7.3,0.467,0.454,1.7,2.1,0.784,0.7,1.8,2.5,1.8,1.0,0.3,1.3,1.6,10.5,brownsh01
64,Kobe Bryant*,SG,34.0,LAL,78.0,78.0,38.6,9.5,20.4,0.463,1.7,5.2,0.324,7.8,15.2,0.51,0.504,6.7,8.0,0.839,0.8,4.7,5.6,6.0,1.4,0.3,3.7,2.2,27.3,bryanko01
65,Chase Budinger,SF,24.0,MIN,23.0,1.0,22.1,3.4,8.3,0.414,1.1,3.5,0.321,2.3,4.8,0.482,0.482,1.4,1.8,0.762,0.7,2.4,3.1,1.1,0.6,0.3,1.0,1.3,9.4,budinch01
66,Alec Burks,SG,21.0,UTA,64.0,0.0,17.8,2.5,6.1,0.42,0.5,1.4,0.359,2.0,4.6,0.439,0.463,1.4,2.0,0.713,0.6,1.7,2.3,1.4,0.5,0.2,1.2,1.8,7.0,burksal01
67,Caron Butler,SF,32.0,LAC,78.0,78.0,24.1,3.9,9.2,0.424,1.6,4.2,0.388,2.3,5.0,0.454,0.513,1.0,1.2,0.833,0.5,2.3,2.9,1.0,0.7,0.1,0.9,1.8,10.4,butleca01
68,Jimmy Butler,SF,23.0,CHI,82.0,20.0,26.0,2.9,6.2,0.467,0.5,1.3,0.381,2.4,5.0,0.489,0.506,2.3,2.8,0.803,1.7,2.3,4.0,1.4,1.0,0.4,0.8,1.2,8.6,butleji01
69,Will Bynum,PG,30.0,DET,65.0,0.0,18.8,3.9,8.3,0.469,0.4,1.2,0.316,3.5,7.1,0.494,0.491,1.6,2.0,0.809,0.4,1.1,1.5,3.6,0.7,0.1,1.9,2.0,9.8,bynumwi01
70,José Calderón,PG,31.0,TOT,73.0,58.0,29.6,4.3,8.7,0.491,1.8,3.9,0.461,2.5,4.8,0.516,0.594,1.0,1.1,0.9,0.3,2.1,2.4,7.1,0.8,0.1,1.7,1.4,11.3,caldejo01
71,Marcus Camby,PF,38.0,NYK,24.0,4.0,10.4,0.7,2.2,0.321,0.0,0.0,0.0,0.7,2.2,0.321,0.321,0.3,0.8,0.421,1.0,2.3,3.3,0.6,0.3,0.6,0.6,1.2,1.8,cambyma01
72,DeMarre Carroll,SF,26.0,UTA,66.0,12.0,16.8,2.3,4.9,0.46,0.3,1.1,0.286,2.0,3.8,0.508,0.491,1.1,1.5,0.765,1.3,1.5,2.8,0.9,0.9,0.4,0.5,1.8,6.0,carrode01
73,Matt Carroll,SG,32.0,CHA,1.0,0.0,6.0,0.0,0.0,0.0,0.0,0.0,0.0,0.0,0.0,0.0,0.0,0.0,0.0,0.0,0.0,0.0,0.0,1.0,0.0,0.0,0.0,1.0,0.0,carroma01
74,Vince Carter,SF,36.0,DAL,81.0,3.0,25.8,4.6,10.6,0.435,2.0,4.9,0.406,2.6,5.6,0.461,0.53,2.2,2.8,0.816,0.7,3.4,4.1,2.4,0.9,0.5,1.3,2.8,13.4,cartevi01
75,Omri Casspi,SF,24.0,CLE,43.0,1.0,11.7,1.5,3.7,0.394,0.6,1.8,0.329,0.9,2.0,0.452,0.472,0.5,1.0,0.537,0.5,2.2,2.7,0.7,0.6,0.3,0.5,1.0,4.0,casspom01
76,Mario Chalmers,PG,26.0,MIA,77.0,77.0,26.9,2.9,6.9,0.429,1.6,3.9,0.409,1.4,3.0,0.456,0.545,1.2,1.5,0.795,0.2,2.0,2.2,3.5,1.5,0.2,1.5,2.5,8.6,chalmma01
77,Tyson Chandler,C,30.0,NYK,66.0,66.0,32.8,3.9,6.1,0.638,0.0,0.0,0.0,3.9,6.1,0.638,0.638,2.7,3.9,0.694,4.1,6.6,10.7,0.9,0.6,1.1,1.3,2.8,10.4,chandty01
78,Wilson Chandler,PF,25.0,DEN,43.0,8.0,25.1,4.9,10.6,0.462,1.2,2.9,0.413,3.7,7.7,0.48,0.519,2.0,2.6,0.793,1.0,4.0,5.1,1.3,1.0,0.3,1.4,2.8,13.0,chandwi01
79,Josh Childress,SF,29.0,BRK,14.0,0.0,7.1,0.4,1.5,0.286,0.1,0.2,0.333,0.4,1.3,0.278,0.31,0.1,0.1,0.5,0.4,0.6,1.1,0.4,0.1,0.1,0.0,0.2,1.0,childjo01
80,Earl Clark,PF,25.0,LAL,59.0,36.0,23.1,2.9,6.5,0.44,0.6,1.8,0.337,2.3,4.8,0.479,0.486,0.9,1.3,0.697,1.4,4.1,5.5,1.1,0.6,0.7,1.1,1.7,7.3,clarkea01
81,Victor Claver,SF,24.0,POR,49.0,16.0,16.6,1.5,3.9,0.392,0.5,1.8,0.287,1.0,2.1,0.48,0.458,0.3,0.6,0.467,0.6,1.8,2.4,0.9,0.5,0.2,0.9,1.5,3.8,clavevi01
82,Norris Cole,PG,24.0,MIA,80.0,4.0,19.9,2.2,5.3,0.421,0.4,1.2,0.357,1.8,4.1,0.44,0.462,0.7,1.0,0.65,0.2,1.4,1.6,2.1,0.7,0.1,1.3,1.9,5.6,coleno01
83,Jason Collins,C,34.0,TOT,38.0,9.0,10.1,0.2,0.8,0.31,0.0,0.0,0.0,0.2,0.8,0.31,0.31,0.6,0.8,0.719,0.6,1.0,1.6,0.2,0.3,0.3,0.5,2.2,1.1,collija04
84,Darren Collison,PG,25.0,DAL,81.0,47.0,29.3,4.2,8.9,0.471,0.6,1.7,0.353,3.6,7.3,0.498,0.504,3.0,3.4,0.88,0.4,2.3,2.7,5.1,1.2,0.1,2.1,1.7,12.0,collida01
85,Nick Collison,C,32.0,OKC,81.0,2.0,19.5,2.2,3.7,0.595,0.0,0.0,0.0,2.2,3.6,0.603,0.595,0.7,1.0,0.769,1.5,2.6,4.1,1.5,0.6,0.4,0.9,2.4,5.1,collini01
86,Mike Conley,PG,25.0,MEM,80.0,80.0,34.5,5.2,11.8,0.44,1.3,3.7,0.362,3.9,8.1,0.476,0.497,2.9,3.5,0.83,0.5,2.3,2.8,6.1,2.2,0.3,2.4,2.1,14.6,conlemi01
87,Will Conroy,PG,30.0,MIN,4.0,0.0,5.0,0.0,2.3,0.0,0.0,0.8,0.0,0.0,1.5,0.0,0.0,0.3,0.5,0.5,0.3,0.0,0.3,0.0,0.0,0.0,0.0,0.3,0.3,conrowi01
88,Daequan Cook,SG,25.0,TOT,49.0,1.0,9.0,1.0,3.4,0.305,0.5,1.9,0.286,0.5,1.6,0.329,0.383,0.2,0.2,0.75,0.1,1.1,1.2,0.4,0.2,0.1,0.3,0.5,2.8,cookda02
89,Chris Copeland,PF,28.0,NYK,56.0,13.0,15.4,3.3,6.8,0.479,1.1,2.5,0.421,2.2,4.3,0.513,0.557,1.1,1.5,0.759,0.6,1.5,2.1,0.5,0.3,0.2,0.9,1.9,8.7,copelch01
90,DeMarcus Cousins,C,22.0,SAC,75.0,74.0,30.5,6.4,13.8,0.465,0.1,0.3,0.182,6.4,13.5,0.471,0.467,4.2,5.6,0.738,3.0,7.0,9.9,2.7,1.4,0.7,3.0,3.6,17.1,couside01
91,Jamal Crawford,SG,32.0,LAC,76.0,0.0,29.3,5.9,13.4,0.438,2.0,5.2,0.376,3.9,8.2,0.477,0.511,2.8,3.3,0.871,0.3,1.4,1.7,2.5,1.0,0.2,1.9,0.9,16.5,crawfja01
92,Jordan Crawford,SG,24.0,TOT,70.0,14.0,24.4,4.3,10.4,0.415,1.2,3.5,0.337,3.1,6.8,0.455,0.472,1.8,2.3,0.811,0.6,2.4,3.0,3.2,0.6,0.1,2.0,1.5,11.6,crawfjo02
93,Jae Crowder,SF,22.0,DAL,78.0,16.0,17.3,1.8,4.7,0.384,0.8,2.5,0.328,1.0,2.2,0.446,0.47,0.6,0.9,0.644,0.4,1.9,2.4,1.2,0.8,0.2,0.6,1.6,5.0,crowdja01
94,Dante Cunningham,PF,25.0,MIN,80.0,9.0,25.1,3.9,8.4,0.468,0.0,0.1,0.0,3.9,8.3,0.472,0.468,0.8,1.3,0.65,1.8,3.3,5.1,0.8,1.1,0.5,0.7,1.9,8.7,cunnida01
95,Jared Cunningham,SG,21.0,DAL,8.0,0.0,3.3,0.8,1.8,0.429,0.3,0.4,0.667,0.5,1.4,0.364,0.5,0.3,0.3,1.0,0.1,0.3,0.4,0.1,0.1,0.0,0.3,0.4,2.0,cunnija01
96,Eddy Curry,C,30.0,DAL,2.0,0.0,12.5,2.0,4.0,0.5,0.0,0.0,0.0,2.0,4.0,0.5,0.5,0.5,2.0,0.25,1.0,1.0,2.0,0.0,0.0,0.0,1.5,3.5,4.5,curryed01
97,Stephen Curry,PG,24.0,GSW,78.0,78.0,38.2,8.0,17.8,0.451,3.5,7.7,0.453,4.5,10.1,0.449,0.549,3.4,3.7,0.9,0.8,3.3,4.0,6.9,1.6,0.2,3.1,2.5,22.9,curryst01
98,Samuel Dalembert,C,31.0,MIL,47.0,23.0,16.3,2.9,5.4,0.542,0.0,0.0,1.0,2.9,5.4,0.54,0.543,0.8,1.2,0.691,2.2,3.6,5.9,0.4,0.4,1.1,1.1,1.9,6.7,dalemsa01
99,Marquis Daniels,SF,32.0,MIL,59.0,33.0,18.4,2.2,5.9,0.376,0.3,1.2,0.278,1.9,4.7,0.401,0.405,0.7,0.9,0.741,0.8,1.7,2.5,1.1,0.9,0.2,0.8,1.3,5.5,daniema01
100,Anthony Davis,PF,19.0,NOH,64.0,60.0,28.8,5.5,10.6,0.516,0.0,0.1,0.0,5.5,10.5,0.521,0.516,2.6,3.5,0.751,2.6,5.6,8.2,1.0,1.2,1.8,1.4,2.5,13.5,davisan02
101,Ed Davis,C-PF,23.0,TOT,81.0,28.0,20.1,3.2,6.0,0.539,0.0,0.0,0.0,3.2,6.0,0.539,0.539,1.3,2.1,0.617,1.9,3.8,5.7,0.8,0.5,1.0,0.8,2.4,7.7,davised01
102,Glen Davis,PF,27.0,ORL,34.0,33.0,31.3,6.3,14.1,0.448,0.0,0.1,0.0,6.3,14.0,0.45,0.448,2.5,3.4,0.718,1.6,5.6,7.2,2.1,0.9,0.6,1.9,2.6,15.1,davisgl01
103,Austin Daye,SF,24.0,TOT,55.0,0.0,12.3,1.6,3.8,0.433,0.7,1.8,0.418,0.9,2.0,0.445,0.531,0.5,0.6,0.765,0.3,1.9,2.2,0.8,0.3,0.4,0.5,1.5,4.5,dayeau01
104,Nando De Colo,SG,25.0,SAS,72.0,6.0,12.8,1.5,3.3,0.436,0.4,1.1,0.378,1.0,2.2,0.465,0.5,0.5,0.6,0.795,0.3,1.6,1.9,1.9,0.6,0.1,1.1,1.2,3.8,decolna01
105,Carlos Delfino,SF,30.0,HOU,67.0,5.0,25.2,3.7,9.3,0.405,2.4,6.3,0.375,1.4,3.0,0.467,0.532,0.7,0.8,0.857,0.3,3.0,3.3,2.0,1.0,0.1,1.1,1.7,10.6,delfica01
106,Luol Deng,SF,27.0,CHI,75.0,75.0,38.7,6.2,14.6,0.426,1.0,3.1,0.322,5.2,11.5,0.455,0.461,3.1,3.8,0.816,2.2,4.2,6.3,3.0,1.1,0.4,1.9,1.4,16.5,denglu01
107,Justin Dentmon,PG,27.0,DAL,2.0,0.0,2.0,0.0,1.0,0.0,0.0,0.0,0.0,0.0,1.0,0.0,0.0,0.0,0.0,0.0,0.0,0.0,0.0,0.0,0.0,0.0,0.0,0.0,0.0,dentmju01
108,DeMar DeRozan,SG,23.0,TOR,82.0,82.0,36.7,6.7,15.0,0.445,0.4,1.5,0.283,6.3,13.5,0.463,0.459,4.3,5.2,0.831,0.6,3.3,3.9,2.5,0.9,0.3,1.8,2.1,18.1,derozde01
109,Boris Diaw,PF,30.0,SAS,75.0,20.0,22.8,2.4,4.4,0.539,0.4,1.0,0.385,2.0,3.4,0.587,0.584,0.6,0.9,0.723,0.9,2.5,3.4,2.4,0.7,0.4,1.1,1.9,5.8,diawbo01
110,DeSagana Diop,C,31.0,CHA,22.0,1.0,10.3,0.4,1.2,0.296,0.0,0.0,0.0,0.4,1.2,0.308,0.296,0.0,0.0,0.0,0.5,1.9,2.3,0.6,0.2,0.7,0.4,0.9,0.7,diopde01
111,Keyon Dooling,PG,32.0,MEM,7.0,0.0,11.7,1.4,3.0,0.476,0.7,1.7,0.417,0.7,1.3,0.556,0.595,0.9,1.0,0.857,0.0,0.1,0.1,1.1,0.1,0.0,0.7,1.1,4.4,doolike01
112,Toney Douglas,PG,26.0,TOT,71.0,0.0,18.2,2.6,6.6,0.403,1.2,3.0,0.38,1.5,3.5,0.424,0.491,1.1,1.2,0.905,0.5,1.5,1.9,2.1,1.0,0.0,1.1,2.0,7.5,douglto01
113,Chris Douglas-Roberts,SG,26.0,DAL,6.0,0.0,10.5,0.8,2.3,0.357,0.0,0.7,0.0,0.8,1.7,0.5,0.357,1.2,1.7,0.7,0.0,0.8,0.8,0.7,0.3,0.0,0.2,0.7,2.8,douglch01
114,Goran Dragić,PG,26.0,PHO,77.0,77.0,33.5,5.2,11.8,0.443,1.1,3.6,0.319,4.1,8.2,0.497,0.491,3.2,4.2,0.748,0.8,2.3,3.1,7.4,1.6,0.3,2.8,2.8,14.7,dragigo01
115,Andre Drummond,C,19.0,DET,60.0,10.0,20.7,3.5,5.7,0.608,0.0,0.0,0.5,3.5,5.7,0.609,0.61,1.0,2.7,0.371,2.8,4.8,7.6,0.5,1.0,1.6,1.0,2.4,7.9,drumman01
116,Jared Dudley,SF,27.0,PHO,79.0,50.0,27.5,4.0,8.5,0.468,1.3,3.4,0.391,2.6,5.0,0.52,0.547,1.6,2.1,0.796,1.0,2.1,3.1,2.6,0.9,0.1,1.3,1.6,10.9,dudleja01
117,Chris Duhon,PG,30.0,LAL,46.0,9.0,17.8,1.0,2.7,0.382,0.7,2.0,0.363,0.3,0.7,0.438,0.516,0.1,0.3,0.462,0.2,1.2,1.5,2.9,0.4,0.0,0.9,1.2,2.9,duhonch01
118,Tim Duncan*,C,36.0,SAS,69.0,69.0,30.1,7.1,14.1,0.502,0.0,0.1,0.286,7.1,14.0,0.504,0.503,3.6,4.3,0.817,1.8,8.1,9.9,2.7,0.7,2.7,2.1,1.7,17.8,duncati01
119,Mike Dunleavy,SF,32.0,MIL,75.0,3.0,25.9,3.7,8.3,0.442,1.7,4.0,0.428,2.0,4.3,0.455,0.545,1.4,1.7,0.82,0.4,3.5,3.9,1.9,0.5,0.5,1.2,1.8,10.5,dunlemi02
120,Kevin Durant,SF,24.0,OKC,81.0,81.0,38.5,9.0,17.7,0.51,1.7,4.1,0.416,7.3,13.6,0.539,0.559,8.4,9.3,0.905,0.6,7.3,7.9,4.6,1.4,1.3,3.5,1.8,28.1,duranke01
121,Devin Ebanks,SF,23.0,LAL,19.0,3.0,10.4,1.3,3.8,0.329,0.3,1.2,0.273,0.9,2.7,0.353,0.37,0.6,0.7,0.786,0.5,1.6,2.2,0.5,0.2,0.1,0.6,1.2,3.4,ebankde01
122,Wayne Ellington,SG,25.0,TOT,78.0,21.0,21.3,2.9,6.8,0.427,1.2,3.1,0.392,1.7,3.7,0.457,0.516,0.9,1.0,0.907,0.3,1.8,2.1,1.3,0.6,0.0,0.7,1.0,7.9,ellinwa01
123,Monta Ellis,SG,27.0,MIL,82.0,82.0,37.5,7.3,17.5,0.416,1.1,4.0,0.287,6.1,13.5,0.454,0.448,3.5,4.6,0.773,0.5,3.3,3.9,6.0,2.1,0.4,3.1,2.0,19.2,ellismo01
124,Kim English,SG,24.0,DET,41.0,0.0,9.9,1.0,2.7,0.375,0.3,1.2,0.28,0.7,1.5,0.452,0.438,0.5,0.7,0.724,0.2,0.7,0.9,0.6,0.4,0.1,0.5,1.1,2.9,engliki01
125,Jeremy Evans,PF,25.0,UTA,37.0,0.0,5.8,0.7,1.2,0.614,0.0,0.0,0.0,0.7,1.2,0.628,0.614,0.6,0.9,0.636,0.7,0.9,1.6,0.3,0.2,0.4,0.2,0.8,2.0,evansje01
126,Reggie Evans,PF,32.0,BRK,80.0,56.0,24.6,1.6,3.3,0.479,0.0,0.0,0.0,1.6,3.3,0.479,0.479,1.4,2.8,0.509,3.3,7.9,11.1,0.5,0.9,0.2,1.4,2.5,4.5,evansre01
127,Tyreke Evans,SG,23.0,SAC,65.0,61.0,31.0,5.6,11.8,0.478,0.7,2.0,0.338,4.9,9.7,0.508,0.508,3.2,4.2,0.775,0.9,3.6,4.4,3.5,1.4,0.4,2.0,2.0,15.2,evansty01
128,Festus Ezeli,C,23.0,GSW,78.0,41.0,14.4,0.9,2.2,0.438,0.0,0.0,0.0,0.9,2.2,0.438,0.438,0.6,1.0,0.531,1.8,2.2,4.0,0.3,0.3,0.9,0.8,2.0,2.4,ezelife01
129,Kenneth Faried,PF,23.0,DEN,80.0,80.0,28.1,4.8,8.6,0.552,0.0,0.0,0.0,4.8,8.6,0.552,0.552,2.0,3.3,0.613,3.3,5.9,9.2,1.0,1.0,1.0,1.4,2.9,11.5,farieke01
130,Derrick Favors,PF,21.0,UTA,77.0,8.0,23.2,3.6,7.4,0.482,0.0,0.1,0.0,3.6,7.3,0.487,0.482,2.3,3.4,0.688,2.4,4.7,7.1,1.0,0.9,1.7,1.7,3.2,9.4,favorde01
131,Raymond Felton,PG,28.0,NYK,68.0,68.0,34.0,5.5,13.0,0.427,1.4,3.8,0.36,4.2,9.2,0.455,0.48,1.5,1.9,0.789,0.8,2.1,2.9,5.5,1.4,0.2,2.3,1.9,13.9,feltora01
132,Landry Fields,SF,24.0,TOR,51.0,22.0,20.3,2.0,4.4,0.457,0.0,0.3,0.143,2.0,4.1,0.478,0.462,0.7,1.0,0.642,1.2,2.9,4.1,1.2,0.6,0.2,0.8,1.2,4.7,fieldla01
133,Derek Fisher,SG-PG,38.0,TOT,33.0,9.0,17.4,1.7,4.9,0.342,0.9,2.4,0.375,0.8,2.5,0.309,0.435,1.1,1.2,0.921,0.1,1.1,1.1,1.4,0.6,0.1,0.9,1.7,5.3,fishede01
134,Evan Fournier,SG,20.0,DEN,38.0,4.0,11.3,2.0,4.0,0.493,0.6,1.4,0.407,1.4,2.6,0.541,0.566,0.8,1.0,0.769,0.2,0.8,0.9,1.2,0.5,0.0,0.8,1.7,5.3,fournev01
135,Randy Foye,SG,29.0,UTA,82.0,72.0,27.4,3.6,9.0,0.397,2.2,5.3,0.41,1.4,3.7,0.378,0.518,1.4,1.8,0.819,0.2,1.3,1.5,2.0,0.8,0.3,1.1,2.3,10.8,foyera01
136,Jimmer Fredette,SG,23.0,SAC,69.0,0.0,14.0,2.5,5.9,0.421,0.9,2.3,0.417,1.6,3.7,0.423,0.5,1.2,1.4,0.859,0.3,0.8,1.0,1.3,0.4,0.0,1.0,0.9,7.2,fredeji01
137,Enes Freedom,C,20.0,UTA,70.0,2.0,15.4,2.9,5.4,0.544,0.0,0.0,1.0,2.9,5.4,0.542,0.545,1.3,1.7,0.795,1.9,2.4,4.3,0.4,0.4,0.5,1.4,1.7,7.2,kanteen01
138,Joel Freeland,PF,25.0,POR,51.0,1.0,9.4,1.1,2.8,0.408,0.0,0.0,0.0,1.1,2.8,0.408,0.408,0.4,0.5,0.667,0.8,1.5,2.3,0.3,0.3,0.2,0.4,1.3,2.6,freeljo01
139,Danilo Gallinari,SF,24.0,DEN,71.0,71.0,32.5,5.1,12.3,0.418,1.9,5.1,0.373,3.2,7.2,0.45,0.495,4.0,4.9,0.822,0.9,4.3,5.2,2.5,0.9,0.5,1.6,1.8,16.2,gallida01
140,Francisco García,SG-SF,31.0,TOT,58.0,20.0,17.7,2.0,5.2,0.393,1.2,3.1,0.374,0.9,2.1,0.421,0.505,0.3,0.4,0.857,0.1,1.4,1.6,1.1,0.8,0.7,0.6,1.5,5.5,garcifr01
141,Kevin Garnett*,C,36.0,BOS,68.0,68.0,29.7,6.2,12.5,0.496,0.0,0.2,0.125,6.2,12.3,0.504,0.498,2.3,3.0,0.786,1.1,6.7,7.8,2.3,1.1,0.9,1.6,2.3,14.8,garneke01
142,Diante Garrett,PG,24.0,PHO,19.0,0.0,7.8,0.8,2.6,0.327,0.2,0.8,0.2,0.7,1.8,0.382,0.357,0.3,0.5,0.5,0.3,0.5,0.8,1.6,0.5,0.0,0.8,0.3,2.1,garredi02
143,Marc Gasol,C,28.0,MEM,80.0,80.0,35.0,5.4,10.9,0.494,0.0,0.2,0.071,5.4,10.7,0.501,0.494,3.4,4.0,0.848,2.3,5.5,7.8,4.0,1.0,1.7,2.0,3.2,14.1,gasolma01
144,Pau Gasol,PF,32.0,LAL,49.0,42.0,33.8,5.5,11.8,0.466,0.2,0.6,0.286,5.3,11.2,0.475,0.473,2.6,3.6,0.702,2.3,6.3,8.6,4.1,0.5,1.2,2.1,1.9,13.7,gasolpa01
145,Rudy Gay,SF,26.0,TOT,75.0,74.0,35.8,6.9,16.7,0.416,1.1,3.5,0.323,5.8,13.2,0.44,0.449,3.2,3.9,0.814,1.3,4.8,6.1,2.7,1.5,0.7,2.6,2.4,18.2,gayru01
146,Alonzo Gee,SF,25.0,CLE,82.0,82.0,31.0,3.7,9.1,0.41,0.8,2.7,0.315,2.9,6.4,0.45,0.456,2.0,2.5,0.795,0.9,3.0,3.9,1.6,1.3,0.4,1.6,2.4,10.3,geeal01
147,Mickaël Gelabale,SF,29.0,MIN,36.0,13.0,17.9,2.0,3.9,0.518,0.4,1.4,0.308,1.6,2.4,0.644,0.576,0.6,0.7,0.875,0.9,1.9,2.8,0.7,0.4,0.1,0.4,1.3,5.0,gelabmi01
148,Paul George,SF,22.0,IND,79.0,79.0,37.6,6.2,14.9,0.419,2.2,5.9,0.362,4.1,8.9,0.457,0.491,2.8,3.5,0.807,1.1,6.5,7.6,4.1,1.8,0.6,2.9,2.9,17.4,georgpa01
149,Daniel Gibson,PG,26.0,CLE,46.0,3.0,20.0,1.8,5.4,0.34,1.2,3.5,0.344,0.6,1.8,0.333,0.453,0.6,0.8,0.703,0.1,1.2,1.3,1.8,0.7,0.1,0.7,1.9,5.4,gibsoda01
150,Taj Gibson,PF,27.0,CHI,65.0,5.0,22.4,3.3,6.8,0.485,0.0,0.1,0.0,3.3,6.7,0.49,0.485,1.4,2.0,0.679,1.9,3.4,5.3,0.9,0.4,1.4,1.2,2.6,8.0,gibsota01
151,Manu Ginóbili*,SG,35.0,SAS,60.0,0.0,23.2,3.8,9.0,0.425,1.4,3.9,0.353,2.4,5.1,0.48,0.502,2.7,3.4,0.796,0.5,2.9,3.4,4.6,1.3,0.2,2.2,1.9,11.8,ginobma01
152,Drew Gooden,C,31.0,MIL,16.0,0.0,9.4,1.3,3.8,0.328,0.1,0.3,0.2,1.2,3.5,0.339,0.336,0.7,1.0,0.688,0.8,1.1,1.9,0.4,0.3,0.4,0.6,1.3,3.3,goodedr01
153,Ben Gordon,SG,29.0,CHA,75.0,0.0,20.8,4.1,10.1,0.408,1.5,3.9,0.387,2.6,6.2,0.421,0.482,1.4,1.7,0.843,0.2,1.5,1.7,1.9,0.5,0.2,1.8,1.8,11.2,gordobe01
154,Eric Gordon,SG,24.0,NOH,42.0,40.0,30.1,5.6,13.9,0.402,1.3,4.1,0.324,4.3,9.8,0.436,0.45,4.5,5.3,0.842,0.2,1.6,1.8,3.3,1.1,0.2,2.8,1.8,17.0,gordoer01
155,Marcin Gortat,C,28.0,PHO,61.0,61.0,30.8,4.8,9.3,0.521,0.0,0.0,0.0,4.8,9.2,0.524,0.521,1.5,2.3,0.652,2.1,6.4,8.5,1.2,0.7,1.6,1.6,2.1,11.1,gortama01
156,Andrew Goudelock,SG,24.0,LAL,1.0,0.0,6.0,0.0,2.0,0.0,0.0,0.0,0.0,0.0,2.0,0.0,0.0,0.0,0.0,0.0,1.0,0.0,1.0,0.0,0.0,0.0,0.0,0.0,0.0,goudean01
157,Danny Granger,SF,29.0,IND,5.0,0.0,14.8,2.0,7.0,0.286,0.4,2.0,0.2,1.6,5.0,0.32,0.314,1.0,1.6,0.625,0.6,1.2,1.8,0.6,0.4,0.2,0.8,1.2,5.4,grangda01
158,Aaron Gray,C,28.0,TOR,42.0,16.0,12.2,1.1,2.1,0.533,0.0,0.0,0.0,1.1,2.1,0.533,0.533,0.5,1.0,0.523,1.1,2.0,3.2,0.8,0.2,0.1,0.9,2.0,2.8,grayaa01
159,Danny Green,SG,25.0,SAS,80.0,80.0,27.5,3.7,8.3,0.448,2.2,5.2,0.429,1.5,3.1,0.48,0.581,0.8,1.0,0.848,0.5,2.6,3.1,1.8,1.2,0.7,1.2,1.6,10.5,greenda02
160,Draymond Green,SF,22.0,GSW,79.0,1.0,13.4,1.1,3.3,0.327,0.2,0.8,0.209,0.9,2.4,0.368,0.354,0.6,0.7,0.818,0.7,2.6,3.3,0.7,0.5,0.3,0.6,2.0,2.9,greendr01
161,Gerald Green,SF,27.0,IND,60.0,7.0,18.0,2.6,7.1,0.366,1.0,3.1,0.314,1.6,3.9,0.407,0.435,0.9,1.1,0.8,0.5,1.8,2.4,0.8,0.3,0.4,0.9,1.1,7.0,greenge01
162,Jeff Green,PF,26.0,BOS,81.0,17.0,27.8,4.6,10.0,0.467,0.9,2.2,0.385,3.8,7.7,0.49,0.51,2.6,3.3,0.808,0.7,3.2,3.9,1.6,0.7,0.8,1.6,2.2,12.8,greenje02
163,Willie Green,SG,31.0,LAC,72.0,60.0,16.5,2.5,5.4,0.461,1.0,2.3,0.428,1.5,3.1,0.486,0.553,0.3,0.4,0.719,0.2,1.1,1.3,0.8,0.4,0.2,0.4,1.3,6.3,greenwi01
164,Blake Griffin,PF,23.0,LAC,80.0,80.0,32.5,7.2,13.4,0.538,0.1,0.4,0.179,7.2,13.1,0.548,0.541,3.5,5.3,0.66,2.3,6.0,8.3,3.7,1.2,0.6,2.3,2.9,18.0,griffbl01
165,Hamed Haddadi,C,27.0,TOT,30.0,0.0,10.7,1.2,2.7,0.427,0.0,0.0,0.0,1.2,2.7,0.427,0.427,0.5,0.9,0.519,1.4,2.3,3.7,0.4,0.2,0.9,1.0,2.0,2.8,haddaha01
166,Jordan Hamilton,SF,22.0,DEN,40.0,1.0,9.9,2.1,5.0,0.418,0.7,1.8,0.37,1.4,3.2,0.445,0.485,0.3,0.7,0.5,0.8,1.6,2.4,0.6,0.4,0.2,0.5,0.6,5.2,hamiljo02
167,Richard Hamilton,SG,34.0,CHI,50.0,45.0,21.8,4.1,9.5,0.429,0.3,1.0,0.308,3.8,8.5,0.444,0.446,1.3,1.5,0.857,0.3,1.3,1.7,2.4,0.5,0.1,1.7,1.9,9.8,hamilri01
168,Ben Hansbrough,PG,25.0,IND,28.0,0.0,7.1,0.5,1.6,0.333,0.2,0.8,0.261,0.3,0.8,0.409,0.4,0.8,1.0,0.778,0.1,0.6,0.6,0.8,0.3,0.1,0.6,0.8,2.0,hansbbe01
169,Tyler Hansbrough,PF,27.0,IND,81.0,8.0,16.9,2.2,5.0,0.432,0.0,0.0,0.0,2.2,5.0,0.436,0.432,2.7,3.7,0.72,2.0,2.6,4.6,0.4,0.4,0.2,1.0,1.9,7.0,hansbty01
170,James Harden,SG,23.0,HOU,78.0,78.0,38.3,7.5,17.1,0.438,2.3,6.2,0.368,5.2,10.9,0.477,0.504,8.6,10.2,0.851,0.8,4.1,4.9,5.8,1.8,0.5,3.8,2.3,25.9,hardeja01
171,Maurice Harkless,SF,19.0,ORL,76.0,59.0,26.0,3.4,7.4,0.461,0.4,1.5,0.274,3.0,5.9,0.51,0.489,1.0,1.7,0.57,1.6,2.8,4.4,0.7,1.2,0.8,0.9,1.9,8.2,harklma01
172,Josh Harrellson,C,23.0,MIA,6.0,0.0,5.2,0.7,1.5,0.444,0.2,0.8,0.2,0.5,0.7,0.75,0.5,0.2,0.3,0.5,0.5,0.7,1.2,0.0,0.2,0.2,0.5,0.7,1.7,harrejo01
173,Al Harrington,C,32.0,ORL,10.0,0.0,11.9,2.0,5.7,0.351,0.8,3.0,0.267,1.2,2.7,0.444,0.421,0.3,0.4,0.75,0.6,2.1,2.7,1.0,0.4,0.1,0.7,1.8,5.1,harrial01
174,Devin Harris,SG,29.0,ATL,58.0,34.0,24.5,3.3,7.6,0.438,1.3,4.0,0.335,2.0,3.7,0.549,0.525,1.9,2.7,0.727,0.1,1.9,2.0,3.4,1.1,0.2,1.5,1.8,9.9,harride01
175,Terrel Harris,SG,25.0,TOT,20.0,0.0,6.9,0.2,1.4,0.148,0.0,0.4,0.0,0.2,1.0,0.211,0.148,0.4,0.5,0.7,0.2,1.1,1.3,0.5,0.1,0.2,0.9,0.9,0.8,harrite01
176,Tobias Harris,SF-PF,20.0,TOT,55.0,34.0,23.6,4.2,9.3,0.455,0.6,2.0,0.315,3.6,7.3,0.493,0.488,1.9,2.5,0.752,1.3,3.9,5.2,1.3,0.6,0.8,1.2,2.2,11.0,harrito02
177,Udonis Haslem,PF,32.0,MIA,75.0,59.0,18.9,1.7,3.3,0.514,0.0,0.0,0.0,1.7,3.3,0.514,0.514,0.4,0.6,0.711,1.3,4.1,5.4,0.5,0.4,0.2,0.6,2.3,3.9,hasleud01
178,Spencer Hawes,C,24.0,PHI,82.0,40.0,27.2,4.6,9.9,0.464,0.4,1.1,0.356,4.2,8.8,0.477,0.483,1.5,1.9,0.777,2.1,5.1,7.2,2.2,0.3,1.4,1.6,2.8,11.0,hawessp01
179,Chuck Hayes,C,29.0,SAC,74.0,1.0,16.3,1.1,2.6,0.442,0.0,0.0,0.0,1.1,2.6,0.444,0.442,0.4,0.6,0.625,1.5,2.5,4.0,1.5,0.4,0.2,0.6,1.5,2.7,hayesch01
180,Gordon Hayward,SF,22.0,UTA,72.0,27.0,29.2,4.7,10.7,0.435,1.4,3.4,0.415,3.3,7.3,0.444,0.501,3.4,4.1,0.827,0.7,2.4,3.1,3.0,0.8,0.5,1.7,1.7,14.1,haywago01
181,Lazar Hayward,SF,26.0,MIN,4.0,0.0,7.8,0.5,2.5,0.2,0.0,1.0,0.0,0.5,1.5,0.333,0.2,1.5,1.5,1.0,0.0,1.0,1.0,0.8,0.5,0.0,0.0,0.8,2.5,haywala01
182,Brendan Haywood,C,33.0,CHA,61.0,17.0,19.0,1.5,3.5,0.431,0.0,0.0,0.0,1.5,3.5,0.433,0.431,0.5,1.1,0.455,2.0,2.7,4.8,0.5,0.3,0.8,0.8,2.0,3.5,haywobr01
183,Gerald Henderson,SG,25.0,CHA,68.0,58.0,31.4,5.6,12.6,0.447,0.5,1.5,0.33,5.1,11.1,0.462,0.466,3.8,4.6,0.824,0.8,2.9,3.7,2.6,1.0,0.5,1.6,2.2,15.5,hendege02
184,Xavier Henry,SF,21.0,NOH,50.0,2.0,12.5,1.3,3.2,0.41,0.1,0.2,0.364,1.2,3.0,0.413,0.422,1.2,1.8,0.63,0.4,1.4,1.8,0.3,0.3,0.1,0.6,1.4,3.9,henryxa01
185,John Henson,PF,22.0,MIL,63.0,9.0,13.1,2.6,5.3,0.482,0.0,0.0,0.0,2.6,5.3,0.486,0.482,0.9,1.7,0.533,1.8,2.9,4.7,0.5,0.3,0.7,0.7,1.3,6.0,hensojo01
186,Roy Hibbert,C,26.0,IND,79.0,79.0,28.7,4.9,10.9,0.448,0.0,0.1,0.25,4.9,10.8,0.449,0.449,2.1,2.8,0.741,3.7,4.6,8.3,1.4,0.5,2.6,2.1,3.5,11.9,hibbero01
187,J.J. Hickson,C,24.0,POR,80.0,80.0,29.0,5.2,9.3,0.562,0.0,0.0,0.0,5.2,9.3,0.563,0.562,2.3,3.4,0.679,3.3,7.0,10.4,1.1,0.6,0.6,1.8,2.0,12.7,hicksjj01
188,Cory Higgins,SG,23.0,CHA,6.0,0.0,5.3,1.0,3.2,0.316,0.2,0.8,0.2,0.8,2.3,0.357,0.342,0.2,0.3,0.5,0.2,0.3,0.5,0.8,0.5,0.0,0.0,0.8,2.3,higgico01
189,Nenê,PF,30.0,WAS,61.0,49.0,27.2,4.7,9.7,0.48,0.0,0.0,0.0,4.7,9.7,0.481,0.48,3.2,4.4,0.729,1.7,5.0,6.7,2.9,0.9,0.6,2.3,2.8,12.6,hilarne01
190,George Hill,PG,26.0,IND,76.0,76.0,34.5,5.1,11.5,0.443,1.7,4.6,0.368,3.4,6.8,0.494,0.518,2.3,2.8,0.817,0.6,3.1,3.7,4.7,1.1,0.3,1.5,1.8,14.2,hillge01
191,Grant Hill*,SF,40.0,LAC,29.0,0.0,15.1,1.3,3.4,0.388,0.1,0.4,0.273,1.2,3.0,0.402,0.403,0.5,0.8,0.583,0.2,1.5,1.7,0.9,0.4,0.2,0.9,1.3,3.2,hillgr01
192,Jordan Hill,PF,25.0,LAL,29.0,1.0,15.8,2.7,5.3,0.497,0.0,0.1,0.0,2.7,5.3,0.503,0.497,1.4,2.1,0.656,2.8,2.9,5.7,0.4,0.3,0.7,0.9,1.9,6.7,hilljo01
193,Kirk Hinrich,PG,32.0,CHI,60.0,60.0,29.4,2.7,7.0,0.377,1.2,3.0,0.39,1.5,4.0,0.367,0.461,1.2,1.6,0.714,0.3,2.4,2.6,5.2,1.1,0.4,1.7,3.2,7.7,hinriki01
194,Jrue Holiday,PG,22.0,PHI,78.0,78.0,37.5,7.1,16.5,0.431,1.2,3.2,0.368,5.9,13.3,0.446,0.466,2.3,3.1,0.752,1.1,3.1,4.2,8.0,1.6,0.4,3.7,2.2,17.7,holidjr01
195,Justin Holiday,SG,23.0,PHI,9.0,0.0,15.8,1.8,5.3,0.333,0.4,1.8,0.25,1.3,3.6,0.375,0.375,0.7,0.9,0.75,0.0,1.6,1.6,1.7,0.3,0.7,1.0,0.8,4.7,holidju01
196,Ryan Hollins,C,28.0,LAC,60.0,0.0,11.1,1.2,1.9,0.614,0.0,0.0,0.0,1.2,1.9,0.614,0.614,1.1,1.5,0.75,0.8,1.5,2.3,0.2,0.1,0.6,0.7,2.2,3.4,holliry01
197,Tyler Honeycutt,SF,22.0,SAC,9.0,0.0,3.6,0.3,1.2,0.273,0.0,0.2,0.0,0.3,1.0,0.333,0.273,0.2,0.2,1.0,0.3,0.8,1.1,0.2,0.0,0.1,0.6,0.2,0.9,honeyty01
198,Al Horford,C,26.0,ATL,74.0,74.0,37.2,7.8,14.3,0.543,0.0,0.1,0.5,7.7,14.2,0.544,0.545,1.8,2.8,0.644,2.6,7.6,10.2,3.2,1.1,1.1,2.0,2.2,17.4,horfoal01
199,Dwight Howard,C,27.0,LAL,76.0,76.0,35.8,6.2,10.7,0.578,0.0,0.1,0.167,6.2,10.6,0.581,0.579,4.7,9.5,0.492,3.3,9.1,12.4,1.4,1.1,2.4,3.0,3.8,17.1,howardw01
200,Josh Howard,SF,32.0,MIN,11.0,4.0,18.8,2.8,7.0,0.403,0.5,1.5,0.313,2.4,5.5,0.426,0.435,0.6,1.1,0.583,0.8,2.5,3.3,0.4,0.9,0.3,0.9,1.6,6.7,howarjo01
201,Juwan Howard,PF,39.0,MIA,7.0,2.0,7.3,1.4,2.7,0.526,0.0,0.0,0.0,1.4,2.7,0.526,0.526,0.1,0.1,1.0,0.0,1.1,1.1,0.9,0.0,0.0,0.6,1.3,3.0,howarju01
202,Kris Humphries,PF,27.0,BRK,65.0,21.0,18.3,2.1,4.8,0.448,0.0,0.0,0.0,2.1,4.7,0.451,0.448,1.5,1.9,0.789,1.9,3.7,5.6,0.5,0.2,0.5,0.9,2.0,5.8,humphkr01
203,Serge Ibaka,PF,23.0,OKC,80.0,80.0,31.1,5.6,9.7,0.573,0.3,0.7,0.351,5.3,9.0,0.591,0.586,1.8,2.4,0.749,2.8,4.9,7.7,0.5,0.4,3.0,1.6,2.7,13.2,ibakase01
204,Andre Iguodala,SG,29.0,DEN,80.0,80.0,34.7,5.0,11.0,0.451,1.1,3.6,0.317,3.8,7.4,0.515,0.502,1.9,3.4,0.574,1.0,4.3,5.3,5.4,1.7,0.7,2.6,1.6,13.0,iguodan01
205,Ersan İlyasova,PF,25.0,MIL,73.0,54.0,27.6,5.1,11.0,0.462,1.3,2.9,0.444,3.8,8.1,0.469,0.521,1.7,2.2,0.796,2.1,5.0,7.1,1.6,0.9,0.5,1.0,2.5,13.2,ilyaser01
206,Kyrie Irving,PG,20.0,CLE,59.0,59.0,34.7,8.2,18.1,0.452,1.8,4.7,0.391,6.4,13.4,0.474,0.503,4.2,4.9,0.855,0.6,3.1,3.7,5.9,1.5,0.4,3.2,2.5,22.5,irvinky01
207,Royal Ivey,SG,31.0,PHI,53.0,5.0,13.2,1.2,2.7,0.431,0.7,1.7,0.42,0.5,1.1,0.446,0.559,0.2,0.3,0.563,0.3,0.8,1.1,0.6,0.4,0.1,0.4,1.4,3.2,iveyro01
208,Jarrett Jack,SG,29.0,GSW,79.0,4.0,29.7,4.9,10.8,0.452,1.0,2.6,0.404,3.9,8.3,0.466,0.499,2.1,2.5,0.843,0.3,2.8,3.1,5.6,0.8,0.1,2.0,1.7,12.9,jackja01
209,Reggie Jackson,PG,22.0,OKC,70.0,0.0,14.2,2.1,4.6,0.458,0.3,1.5,0.231,1.8,3.2,0.566,0.495,0.7,0.9,0.839,0.3,2.1,2.4,1.7,0.4,0.2,0.8,1.2,5.3,jacksre01
210,Stephen Jackson,SF,34.0,SAS,55.0,6.0,19.5,2.2,6.0,0.373,0.8,3.1,0.271,1.4,2.9,0.481,0.442,0.9,1.3,0.7,0.4,2.4,2.8,1.5,0.7,0.3,1.4,1.6,6.2,jacksst02
211,Bernard James,C,27.0,DAL,46.0,11.0,9.9,1.2,2.2,0.515,0.0,0.0,0.0,1.2,2.2,0.525,0.515,0.5,0.9,0.61,1.1,1.7,2.8,0.1,0.3,0.8,0.4,1.4,2.8,jamesbe01
212,Damion James,SF,25.0,BRK,2.0,0.0,0.0,0.0,0.0,0.0,0.0,0.0,0.0,0.0,0.0,0.0,0.0,0.0,0.0,0.0,0.0,0.5,0.5,0.0,0.0,0.0,0.0,0.0,0.0,jamesda01
213,LeBron James,PF,28.0,MIA,76.0,76.0,37.9,10.1,17.8,0.565,1.4,3.3,0.406,8.7,14.5,0.602,0.603,5.3,7.0,0.753,1.3,6.8,8.0,7.3,1.7,0.9,3.0,1.4,26.8,jamesle01
214,Mike James,PG,37.0,DAL,45.0,23.0,19.2,2.2,6.0,0.373,1.1,2.8,0.384,1.2,3.2,0.363,0.461,0.5,0.6,0.793,0.2,1.4,1.6,3.1,0.6,0.1,1.2,2.1,6.1,jamesmi01
215,Antawn Jamison,PF,36.0,LAL,76.0,6.0,21.5,3.5,7.6,0.464,1.1,3.1,0.361,2.4,4.5,0.535,0.537,1.2,1.8,0.691,1.4,3.3,4.8,0.7,0.4,0.3,0.7,1.6,9.4,jamisan01
216,Al Jefferson,C,28.0,UTA,78.0,78.0,33.1,7.8,15.8,0.494,0.0,0.2,0.118,7.8,15.6,0.5,0.495,2.1,2.8,0.77,2.0,7.2,9.2,2.1,1.0,1.1,1.3,2.2,17.8,jeffeal01
217,Richard Jefferson,SF,32.0,GSW,56.0,1.0,10.1,1.1,2.4,0.456,0.3,0.8,0.311,0.9,1.6,0.527,0.507,0.7,0.9,0.717,0.1,1.4,1.5,0.6,0.3,0.1,0.4,0.8,3.1,jefferi01
218,Jared Jeffries,PF,31.0,POR,38.0,0.0,9.2,0.4,1.4,0.296,0.0,0.1,0.0,0.4,1.4,0.308,0.296,0.3,0.6,0.522,0.7,0.9,1.6,0.4,0.2,0.2,0.4,1.5,1.2,jeffrja01
219,Charles Jenkins,SG-PG,23.0,TOT,59.0,1.0,7.5,0.8,2.1,0.405,0.0,0.0,0.5,0.8,2.0,0.403,0.409,0.2,0.4,0.545,0.1,0.4,0.5,0.7,0.3,0.0,0.4,0.4,1.9,jenkich01
220,John Jenkins,SG,21.0,ATL,61.0,2.0,14.8,2.1,4.8,0.446,0.9,2.3,0.384,1.3,2.6,0.5,0.536,1.0,1.1,0.843,0.3,1.3,1.5,0.9,0.2,0.2,0.7,0.6,6.1,jenkijo01
221,Brandon Jennings,PG,23.0,MIL,80.0,80.0,36.2,6.2,15.6,0.399,2.2,5.8,0.375,4.1,9.8,0.412,0.468,2.9,3.5,0.819,0.7,2.3,3.1,6.5,1.6,0.1,2.5,1.9,17.5,jennibr01
222,Jonas Jerebko,PF,25.0,DET,49.0,2.0,18.2,2.9,6.4,0.449,0.5,1.7,0.301,2.4,4.8,0.502,0.489,1.4,1.8,0.773,1.4,2.4,3.8,0.9,0.8,0.2,0.9,1.8,7.7,jerebjo01
223,Amir Johnson,PF,25.0,TOR,81.0,38.0,28.7,4.1,7.5,0.554,0.1,0.2,0.385,4.1,7.3,0.558,0.559,1.7,2.3,0.727,2.8,4.7,7.5,1.5,1.0,1.4,1.4,3.7,10.0,johnsam01
224,Chris Johnson,C,27.0,MIN,30.0,0.0,9.5,1.6,2.5,0.64,0.0,0.0,0.0,1.6,2.5,0.64,0.64,0.7,1.1,0.618,0.7,1.3,2.0,0.3,0.2,0.9,0.4,1.6,3.9,johnsch03
225,Chris Johnson,SF,22.0,MEM,8.0,0.0,12.8,1.4,3.1,0.44,0.8,2.3,0.333,0.6,0.9,0.714,0.56,0.1,0.3,0.5,0.6,0.8,1.4,0.3,0.5,0.0,0.4,0.6,3.6,johnsch04
226,Ivan Johnson,PF,28.0,ATL,69.0,5.0,15.0,2.7,5.2,0.52,0.0,0.2,0.077,2.7,5.0,0.536,0.521,1.2,1.9,0.618,1.1,2.8,3.9,0.7,0.8,0.2,1.0,1.9,6.6,johnsiv01
227,James Johnson,SF,25.0,SAC,54.0,11.0,16.3,2.2,5.2,0.413,0.0,0.4,0.095,2.1,4.9,0.439,0.417,0.7,1.2,0.597,0.9,1.8,2.7,1.1,0.8,0.9,1.3,1.8,5.1,johnsja01
228,Joe Johnson,SG,31.0,BRK,72.0,72.0,36.7,6.2,14.6,0.423,2.1,5.5,0.375,4.1,9.1,0.452,0.493,1.8,2.2,0.82,0.7,2.3,3.0,3.5,0.7,0.2,1.7,1.4,16.3,johnsjo02
229,Orlando Johnson,SG,23.0,IND,51.0,0.0,12.1,1.4,3.5,0.4,0.7,1.8,0.383,0.7,1.7,0.419,0.5,0.5,0.6,0.719,0.4,1.8,2.2,0.9,0.2,0.2,0.6,1.0,4.0,johnsor01
230,Wesley Johnson,SF,25.0,PHO,50.0,21.0,19.1,3.2,7.9,0.407,1.0,3.1,0.323,2.2,4.8,0.461,0.47,0.5,0.7,0.771,0.4,2.0,2.5,0.7,0.4,0.4,1.0,1.1,8.0,johnswe01
231,Darius Johnson-Odom,SG,23.0,LAL,4.0,0.0,1.5,0.0,1.0,0.0,0.0,0.3,0.0,0.0,0.8,0.0,0.0,0.0,0.0,0.0,0.3,0.8,1.0,0.3,0.0,0.0,0.0,0.0,0.0,johnsda03
232,Dahntay Jones,SF,32.0,TOT,78.0,19.0,13.0,1.1,2.8,0.369,0.1,0.6,0.224,0.9,2.2,0.41,0.394,1.1,1.4,0.77,0.3,1.0,1.3,0.6,0.3,0.1,0.5,1.5,3.4,jonesda02
233,DeQuan Jones,SF,22.0,ORL,63.0,17.0,12.7,1.5,3.5,0.436,0.1,0.6,0.257,1.4,2.9,0.47,0.456,0.5,0.8,0.667,0.3,1.4,1.7,0.3,0.3,0.3,0.5,0.9,3.7,jonesde01
234,Dominique Jones,PG,24.0,DAL,29.0,3.0,11.7,1.4,3.8,0.367,0.0,0.3,0.111,1.3,3.4,0.39,0.372,1.2,1.8,0.66,0.6,0.9,1.6,2.9,0.5,0.1,1.3,1.0,4.0,jonesdo02
235,James Jones,SF,32.0,MIA,38.0,0.0,5.8,0.6,1.6,0.344,0.4,1.4,0.302,0.1,0.2,0.625,0.475,0.1,0.1,0.5,0.0,0.6,0.6,0.3,0.1,0.2,0.1,0.4,1.6,jonesja02
236,Kevin Jones,PF,23.0,CLE,32.0,0.0,10.4,1.3,3.3,0.402,0.0,0.0,0.0,1.3,3.3,0.402,0.402,0.3,0.5,0.6,1.2,1.3,2.4,0.3,0.3,0.2,0.3,0.8,3.0,joneske01
237,Perry Jones,SF,21.0,OKC,38.0,1.0,7.4,1.0,2.6,0.394,0.0,0.1,0.0,1.0,2.6,0.402,0.394,0.3,0.4,0.667,0.3,1.3,1.6,0.3,0.1,0.2,0.4,0.6,2.3,jonespe01
238,Solomon Jones,PF,28.0,NYK,2.0,1.0,13.0,0.0,0.5,0.0,0.0,0.0,0.0,0.0,0.5,0.0,0.0,0.0,0.0,0.0,0.5,1.0,1.5,0.0,0.0,0.5,1.5,1.5,0.0,jonesso01
239,Terrence Jones,PF,21.0,HOU,19.0,0.0,14.5,2.3,4.9,0.457,0.3,1.0,0.263,2.0,3.9,0.507,0.484,0.7,0.9,0.765,1.5,1.9,3.4,0.8,0.6,1.0,0.7,1.1,5.5,joneste01
240,DeAndre Jordan,C,24.0,LAC,82.0,82.0,24.5,3.8,6.0,0.643,0.0,0.0,0.0,3.8,6.0,0.643,0.643,1.2,3.0,0.386,2.6,4.7,7.2,0.3,0.6,1.4,1.2,2.3,8.8,jordade01
241,Cory Joseph,PG,21.0,SAS,28.0,9.0,13.9,1.8,3.9,0.464,0.2,0.8,0.286,1.6,3.2,0.506,0.491,0.6,0.8,0.857,0.4,1.4,1.9,1.9,0.5,0.1,0.8,0.9,4.5,josepco01
242,Kris Joseph,SF,24.0,TOT,10.0,0.0,5.4,0.2,1.4,0.143,0.0,0.3,0.0,0.2,1.1,0.182,0.143,0.5,0.8,0.625,0.1,0.6,0.7,0.1,0.3,0.0,0.2,0.3,0.9,josepkr01
243,Chris Kaman,C,30.0,DAL,66.0,52.0,20.7,4.7,9.3,0.507,0.0,0.0,0.0,4.7,9.3,0.508,0.507,1.0,1.3,0.788,1.5,4.2,5.6,0.8,0.4,0.8,1.6,2.1,10.5,kamanch01
244,Jason Kidd*,SG,39.0,NYK,76.0,48.0,26.9,2.0,5.4,0.372,1.5,4.3,0.351,0.5,1.1,0.452,0.511,0.5,0.6,0.833,0.7,3.6,4.3,3.3,1.6,0.3,1.0,1.6,6.0,kiddja01
245,Michael Kidd-Gilchrist,SF,19.0,CHA,78.0,77.0,26.0,3.6,7.9,0.458,0.0,0.1,0.222,3.6,7.7,0.462,0.46,1.8,2.4,0.749,1.7,4.2,5.8,1.5,0.7,0.9,1.3,2.1,9.0,kiddgmi01
246,Andrei Kirilenko,SF,31.0,MIN,64.0,64.0,31.8,4.4,8.8,0.507,0.5,1.9,0.292,3.9,6.9,0.566,0.538,2.9,3.9,0.752,1.6,4.1,5.7,2.8,1.5,1.0,1.9,1.3,12.4,kirilan01
247,Linas Kleiza,SF,28.0,TOR,20.0,3.0,18.8,2.4,7.2,0.333,1.0,3.3,0.303,1.4,3.9,0.359,0.403,1.6,1.9,0.842,0.5,2.1,2.6,0.8,0.2,0.1,0.7,2.3,7.4,kleizli01
248,Brandon Knight,PG,21.0,DET,75.0,75.0,31.5,4.8,11.7,0.407,1.6,4.4,0.367,3.2,7.3,0.43,0.475,2.2,3.0,0.733,0.7,2.6,3.3,4.0,0.8,0.1,2.7,2.1,13.3,knighbr03
249,Kyle Korver,SF,31.0,ATL,74.0,60.0,30.5,3.7,8.1,0.461,2.6,5.6,0.457,1.2,2.5,0.471,0.618,0.9,1.1,0.859,0.3,3.6,4.0,2.0,0.9,0.5,0.9,2.3,10.9,korveky01
250,Kosta Koufos,C,23.0,DEN,81.0,81.0,22.4,3.6,6.3,0.581,0.0,0.0,0.0,3.6,6.3,0.582,0.581,0.7,1.3,0.558,2.6,4.3,6.9,0.4,0.5,1.3,0.7,3.0,8.0,koufoko01
251,Viacheslav Kravtsov,C,25.0,DET,25.0,0.0,9.0,1.3,1.8,0.717,0.0,0.0,0.0,1.3,1.8,0.717,0.717,0.4,1.5,0.297,1.0,0.8,1.8,0.4,0.2,0.4,0.6,1.3,3.1,kravtvi01
252,Doron Lamb,SG,21.0,TOT,47.0,0.0,12.3,1.3,3.5,0.368,0.3,0.8,0.378,1.0,2.7,0.365,0.411,0.4,0.7,0.588,0.2,0.8,1.0,0.7,0.3,0.0,0.6,1.1,3.3,lambdo01
253,Jeremy Lamb,SF,20.0,OKC,23.0,0.0,6.4,1.0,3.0,0.353,0.4,1.3,0.3,0.7,1.7,0.395,0.419,0.6,0.6,1.0,0.2,0.6,0.8,0.2,0.1,0.1,0.3,0.6,3.1,lambje01
254,Carl Landry,PF,29.0,GSW,81.0,2.0,23.2,4.0,7.4,0.54,0.0,0.0,0.333,4.0,7.4,0.541,0.541,2.8,3.4,0.817,2.2,3.7,6.0,0.8,0.4,0.4,1.4,2.3,10.8,landrca01
255,Ty Lawson,PG,25.0,DEN,73.0,71.0,34.4,6.1,13.3,0.461,1.2,3.2,0.366,5.0,10.1,0.491,0.505,3.2,4.3,0.756,0.5,2.2,2.7,6.9,1.5,0.1,2.5,1.8,16.7,lawsoty01
256,Courtney Lee,SG,27.0,BOS,78.0,39.0,24.9,3.2,6.8,0.464,0.7,2.0,0.372,2.4,4.8,0.503,0.519,0.8,0.9,0.861,0.4,2.0,2.4,1.8,1.1,0.3,1.1,1.8,7.8,leeco01
257,David Lee,PF,29.0,GSW,79.0,79.0,36.8,7.6,14.7,0.519,0.0,0.1,0.0,7.6,14.6,0.521,0.519,3.2,4.1,0.797,2.8,8.5,11.2,3.5,0.8,0.3,2.6,3.1,18.5,leeda02
258,Malcolm Lee,SG,22.0,MIN,16.0,12.0,18.1,1.8,4.8,0.382,0.5,1.5,0.333,1.3,3.3,0.404,0.434,0.8,1.3,0.6,0.9,1.5,2.4,1.3,0.8,0.4,0.6,1.9,4.9,leema01
259,Kawhi Leonard,SF,21.0,SAS,58.0,57.0,31.2,4.5,9.1,0.494,1.1,3.0,0.374,3.4,6.1,0.554,0.556,1.8,2.2,0.825,1.1,4.9,6.0,1.6,1.7,0.6,1.1,1.7,11.9,leonaka01
260,Meyers Leonard,C,20.0,POR,69.0,9.0,17.5,2.2,4.0,0.545,0.0,0.1,0.429,2.1,3.9,0.548,0.551,1.0,1.3,0.809,1.2,2.5,3.7,0.5,0.2,0.6,0.7,2.4,5.5,leoname01
261,Jon Leuer,PF-C,23.0,TOT,28.0,0.0,6.7,0.9,1.9,0.481,0.0,0.1,0.0,0.9,1.8,0.51,0.481,0.2,0.5,0.462,0.5,0.9,1.3,0.3,0.2,0.0,0.3,0.8,2.0,leuerjo01
262,Rashard Lewis,PF,33.0,MIA,55.0,9.0,14.4,1.9,4.5,0.414,0.9,2.4,0.389,0.9,2.1,0.441,0.516,0.5,0.8,0.622,0.3,1.9,2.2,0.5,0.4,0.3,0.6,1.2,5.2,lewisra02
263,DeAndre Liggins,SG,24.0,OKC,39.0,1.0,7.4,0.5,1.2,0.447,0.2,0.5,0.368,0.4,0.7,0.5,0.521,0.2,0.5,0.5,0.3,1.0,1.4,0.4,0.5,0.1,0.4,0.8,1.5,liggide01
264,Damian Lillard,PG,22.0,POR,82.0,82.0,38.6,6.7,15.7,0.429,2.3,6.1,0.368,4.5,9.6,0.469,0.501,3.3,3.9,0.844,0.5,2.6,3.1,6.5,0.9,0.2,3.0,2.1,19.0,lillada01
265,Jeremy Lin,PG,24.0,HOU,82.0,82.0,32.2,4.8,10.9,0.441,1.1,3.1,0.339,3.8,7.8,0.483,0.49,2.6,3.4,0.785,0.4,2.6,3.0,6.1,1.6,0.4,2.9,2.5,13.4,linje01
266,Shaun Livingston,PG,27.0,TOT,66.0,16.0,22.0,2.5,5.2,0.48,0.0,0.1,0.0,2.5,5.2,0.485,0.48,1.3,1.5,0.867,0.5,1.9,2.4,3.3,0.7,0.5,1.2,1.9,6.3,livinsh01
267,Brook Lopez,C,24.0,BRK,74.0,74.0,30.4,7.7,14.8,0.521,0.0,0.0,0.0,7.7,14.8,0.522,0.521,4.0,5.3,0.758,2.8,4.1,6.9,0.9,0.4,2.1,1.8,2.1,19.4,lopezbr01
268,Robin Lopez,C,24.0,NOH,82.0,82.0,26.0,4.7,8.8,0.534,0.0,0.0,0.0,4.7,8.8,0.534,0.534,2.0,2.5,0.778,2.8,2.9,5.6,0.8,0.4,1.6,1.3,2.0,11.3,lopezro01
269,Kevin Love,PF,24.0,MIN,18.0,18.0,34.3,5.8,16.6,0.352,1.1,5.1,0.217,4.7,11.4,0.413,0.386,5.6,7.9,0.704,3.6,10.4,14.0,2.3,0.7,0.5,2.2,1.9,18.3,loveke01
270,Kyle Lowry,PG,26.0,TOR,68.0,52.0,29.7,3.7,9.2,0.401,1.5,4.1,0.362,2.2,5.1,0.433,0.482,2.8,3.5,0.795,0.8,3.9,4.7,6.4,1.4,0.4,2.3,3.2,11.6,lowryky01
271,John Lucas III,PG,30.0,TOR,63.0,0.0,13.1,2.0,5.3,0.386,0.9,2.4,0.377,1.1,2.9,0.393,0.472,0.3,0.4,0.72,0.1,0.9,1.0,1.7,0.4,0.0,0.4,0.8,5.3,lucasjo02
272,Scott Machado,PG,22.0,HOU,6.0,0.0,3.5,0.5,1.0,0.5,0.0,0.2,0.0,0.5,0.8,0.6,0.5,0.3,0.3,1.0,0.0,0.2,0.2,1.0,0.3,0.0,1.3,0.0,1.3,machasc01
273,Shelvin Mack,PG-SG,22.0,TOT,31.0,3.0,13.4,1.9,4.1,0.46,0.6,1.6,0.367,1.3,2.5,0.519,0.532,0.3,0.5,0.563,0.1,1.2,1.3,2.2,0.5,0.0,1.1,1.3,4.6,macksh01
274,Corey Maggette,SF,33.0,DET,18.0,0.0,14.3,1.5,4.2,0.355,0.3,1.2,0.238,1.2,3.1,0.4,0.388,2.0,2.7,0.75,0.3,1.1,1.4,1.1,0.3,0.1,0.9,2.3,5.3,maggeco01
275,Ian Mahinmi,C,26.0,IND,80.0,2.0,16.5,1.9,4.1,0.453,0.0,0.0,0.0,1.9,4.1,0.456,0.453,1.3,2.1,0.608,1.4,2.5,3.9,0.3,0.5,0.8,1.2,2.5,5.0,mahinia01
276,Shawn Marion,PF,34.0,DAL,67.0,67.0,30.0,5.3,10.3,0.514,0.3,1.1,0.315,5.0,9.2,0.538,0.531,1.2,1.5,0.782,2.2,5.7,7.8,2.4,1.1,0.7,1.5,1.7,12.1,mariosh01
277,Kendall Marshall,PG,21.0,PHO,48.0,3.0,14.6,1.2,3.1,0.371,0.5,1.5,0.315,0.7,1.6,0.423,0.447,0.2,0.3,0.571,0.1,0.8,0.9,3.0,0.5,0.1,1.2,1.0,3.0,marshke01
278,Cartier Martin,SF,28.0,WAS,41.0,3.0,16.9,2.3,6.1,0.381,1.4,3.6,0.397,0.9,2.6,0.358,0.496,0.5,0.7,0.714,0.3,2.2,2.4,0.5,0.5,0.1,0.8,1.4,6.6,martica01
279,Kenyon Martin,C,35.0,NYK,18.0,11.0,23.9,3.1,5.2,0.602,0.0,0.0,0.0,3.1,5.2,0.602,0.602,0.9,2.2,0.425,1.9,3.4,5.3,0.4,0.9,0.9,0.9,3.6,7.2,martike01
280,Kevin Martin,SG,29.0,OKC,77.0,0.0,27.7,4.5,10.1,0.45,2.1,4.8,0.426,2.5,5.3,0.472,0.551,2.8,3.2,0.89,0.4,1.9,2.3,1.4,0.9,0.1,1.3,1.8,14.0,martike02
281,Roger Mason,SG,32.0,NOH,69.0,13.0,17.7,1.9,4.4,0.433,1.0,2.3,0.415,1.0,2.1,0.452,0.541,0.6,0.6,0.907,0.2,1.8,1.9,1.1,0.4,0.2,0.7,1.5,5.3,masonro01
282,Wesley Matthews,SG,26.0,POR,69.0,69.0,34.8,5.1,11.7,0.436,2.4,6.2,0.398,2.7,5.6,0.478,0.54,2.2,2.7,0.797,0.5,2.3,2.8,2.5,1.3,0.3,1.6,2.5,14.8,matthwe02
283,Jason Maxiell,PF,29.0,DET,72.0,71.0,24.8,2.8,6.3,0.446,0.0,0.0,0.0,2.8,6.3,0.446,0.446,1.3,2.0,0.621,1.9,3.8,5.7,0.8,0.4,1.3,1.1,2.4,6.9,maxieja01
284,Eric Maynor,PG-SG,25.0,TOT,64.0,0.0,15.0,1.7,4.4,0.377,0.5,1.5,0.354,1.1,2.9,0.389,0.438,0.7,1.0,0.726,0.1,0.6,0.7,2.8,0.3,0.0,1.2,0.9,4.5,maynoer01
285,O.J. Mayo,SG,25.0,DAL,82.0,82.0,35.5,5.6,12.5,0.449,1.7,4.3,0.407,3.9,8.3,0.471,0.519,2.3,2.8,0.82,0.4,3.1,3.5,4.4,1.1,0.3,2.6,2.4,15.3,mayooj01
286,Luc Mbah a Moute,SF,26.0,MIL,58.0,45.0,22.9,2.6,6.5,0.401,0.2,0.6,0.351,2.4,5.9,0.406,0.418,1.2,2.2,0.571,1.5,2.9,4.4,0.9,0.7,0.2,1.2,1.4,6.7,mbahalu01
287,JaVale McGee,C,25.0,DEN,79.0,0.0,18.1,3.8,6.7,0.575,0.0,0.0,1.0,3.8,6.7,0.574,0.576,1.4,2.4,0.591,2.0,2.8,4.8,0.3,0.4,2.0,1.1,2.3,9.1,mcgeeja01
288,Dominic McGuire,SF,27.0,TOT,26.0,10.0,14.9,0.9,2.2,0.429,0.0,0.0,0.0,0.9,2.2,0.429,0.429,0.1,0.4,0.3,0.7,2.3,3.0,0.8,0.5,0.4,0.5,1.5,2.0,mcguido01
289,Josh McRoberts,PF,25.0,TOT,67.0,22.0,22.2,2.3,5.1,0.455,0.4,1.3,0.286,2.0,3.9,0.51,0.49,1.0,1.3,0.765,1.4,3.5,4.9,2.1,0.5,0.4,1.0,2.0,6.0,mcrobjo01
290,Jodie Meeks,SG,25.0,LAL,78.0,10.0,21.3,2.6,6.8,0.387,1.6,4.4,0.357,1.1,2.4,0.441,0.502,1.1,1.2,0.896,0.5,1.7,2.2,0.9,0.7,0.1,0.7,1.3,7.9,meeksjo01
291,Fab Melo,C,22.0,BOS,6.0,0.0,6.0,0.5,1.0,0.5,0.0,0.0,0.0,0.5,1.0,0.5,0.5,0.2,0.7,0.25,0.0,0.5,0.5,0.0,0.3,0.3,0.2,1.2,1.2,melofa01
292,Khris Middleton,SG,21.0,DET,27.0,0.0,17.6,2.3,5.2,0.44,0.5,1.7,0.311,1.8,3.6,0.5,0.489,1.0,1.2,0.844,0.1,1.7,1.9,1.0,0.6,0.1,0.4,2.0,6.1,middlkh01
293,C.J. Miles,SF,25.0,CLE,65.0,13.0,21.0,3.9,9.4,0.415,1.9,5.0,0.384,2.0,4.4,0.451,0.518,1.4,1.6,0.869,0.4,2.3,2.7,1.0,0.8,0.3,1.1,2.1,11.2,milescj01
294,Darko Miličić,C,27.0,BOS,1.0,0.0,5.0,0.0,1.0,0.0,0.0,0.0,0.0,0.0,1.0,0.0,0.0,0.0,0.0,0.0,0.0,1.0,1.0,0.0,0.0,0.0,2.0,1.0,0.0,milicda01
295,Andre Miller,PG,36.0,DEN,82.0,11.0,26.2,3.7,7.7,0.479,0.2,0.8,0.266,3.5,6.9,0.504,0.493,2.0,2.4,0.84,0.7,2.2,2.9,5.9,0.9,0.1,2.1,1.9,9.6,millean02
296,Darius Miller,SF,22.0,NOH,52.0,2.0,13.3,0.8,2.1,0.407,0.4,1.1,0.393,0.4,1.0,0.423,0.509,0.2,0.2,1.0,0.2,1.3,1.5,0.8,0.3,0.2,0.4,1.7,2.3,milleda01
297,Mike Miller,SF,32.0,MIA,59.0,17.0,15.3,1.7,3.9,0.433,1.2,3.0,0.417,0.5,0.9,0.482,0.591,0.1,0.2,0.727,0.3,2.4,2.7,1.7,0.4,0.1,0.6,1.1,4.8,millemi01
298,Quincy Miller,PF,20.0,DEN,7.0,0.0,3.7,0.6,1.7,0.333,0.0,0.1,0.0,0.6,1.6,0.364,0.333,0.1,0.3,0.5,0.1,0.1,0.3,0.4,0.1,0.0,0.1,0.4,1.3,millequ01
299,Patty Mills,PG,24.0,SAS,58.0,2.0,11.3,1.9,4.2,0.469,0.9,2.2,0.4,1.1,1.9,0.55,0.577,0.3,0.3,0.842,0.2,0.7,0.9,1.1,0.4,0.1,0.7,0.9,5.1,millspa02
300,Paul Millsap,PF,27.0,UTA,78.0,78.0,30.4,5.5,11.2,0.49,0.2,0.5,0.333,5.3,10.7,0.498,0.498,3.4,4.6,0.742,2.3,4.8,7.1,2.6,1.3,1.0,1.8,3.0,14.6,millspa01
301,Nazr Mohammed,C,35.0,CHI,63.0,12.0,11.0,1.0,2.9,0.367,0.0,0.0,0.0,1.0,2.8,0.371,0.367,0.5,0.7,0.723,1.2,1.9,3.1,0.4,0.3,0.5,0.4,1.5,2.6,mohamna01
302,Greg Monroe,C,22.0,DET,81.0,81.0,33.2,6.3,13.1,0.486,0.0,0.0,0.0,6.3,13.0,0.488,0.486,3.3,4.8,0.689,2.9,6.7,9.6,3.5,1.3,0.7,2.9,2.3,16.0,monrogr01
303,E'Twaun Moore,SG,23.0,ORL,75.0,21.0,22.4,3.2,8.0,0.396,0.9,2.6,0.34,2.3,5.3,0.424,0.452,0.6,0.8,0.797,0.6,1.6,2.2,2.7,0.7,0.3,1.4,1.6,7.8,mooreet01
304,Darius Morris,PG,22.0,LAL,48.0,17.0,14.2,1.5,3.9,0.388,0.5,1.4,0.364,1.0,2.5,0.402,0.452,0.5,0.8,0.649,0.5,0.7,1.2,1.6,0.4,0.0,0.9,1.2,4.0,morrida01
305,Marcus Morris,PF-SF,23.0,TOT,77.0,23.0,19.8,2.9,6.8,0.422,1.1,3.0,0.369,1.8,3.8,0.464,0.504,0.9,1.5,0.564,1.0,2.6,3.6,0.8,0.6,0.3,1.0,2.1,7.7,morrima03
306,Markieff Morris,PF,23.0,PHO,82.0,32.0,22.4,3.2,8.0,0.407,0.5,1.6,0.336,2.7,6.3,0.426,0.442,1.1,1.5,0.732,1.6,3.2,4.8,1.3,0.9,0.8,1.3,2.5,8.2,morrima02
307,Anthony Morrow,SG,27.0,TOT,41.0,1.0,9.3,1.6,3.5,0.441,0.4,1.0,0.372,1.2,2.5,0.471,0.497,0.5,0.5,0.909,0.3,0.5,0.7,0.3,0.3,0.0,0.2,1.0,4.0,morroan01
308,Donatas Motiejūnas,PF,22.0,HOU,44.0,14.0,12.2,2.2,4.8,0.455,0.5,1.9,0.289,1.7,3.0,0.562,0.512,0.7,1.2,0.627,0.8,1.3,2.1,0.7,0.2,0.2,0.8,1.7,5.7,motiedo01
309,Arnett Moultrie,PF,22.0,PHI,47.0,0.0,11.5,1.7,2.9,0.582,0.0,0.0,0.0,1.7,2.9,0.582,0.582,0.4,0.6,0.643,1.6,1.5,3.1,0.2,0.4,0.2,0.4,0.9,3.7,moultar01
310,Timofey Mozgov,C,26.0,DEN,41.0,1.0,8.9,1.1,2.1,0.506,0.0,0.0,0.0,1.1,2.1,0.518,0.506,0.5,0.6,0.769,1.2,1.4,2.6,0.2,0.1,0.4,0.6,1.4,2.6,mozgoti01
311,Byron Mullens,PF,23.0,CHA,53.0,41.0,26.9,4.1,10.6,0.385,1.2,3.9,0.317,2.8,6.7,0.425,0.444,1.2,1.9,0.646,1.3,5.0,6.4,1.5,0.6,0.6,1.4,2.1,10.6,mulleby01
312,Kevin Murphy,SG,22.0,UTA,17.0,0.0,3.1,0.4,1.6,0.25,0.1,0.3,0.2,0.4,1.4,0.261,0.268,0.0,0.0,0.0,0.0,0.2,0.2,0.1,0.1,0.0,0.2,0.2,0.9,murphke01
313,Troy Murphy,PF,32.0,DAL,14.0,1.0,18.3,1.6,4.4,0.361,0.8,2.5,0.314,0.8,1.9,0.423,0.451,0.7,0.8,0.909,0.5,3.0,3.5,0.5,0.7,0.4,0.5,2.1,4.6,murphtr01
314,Steve Nash*,PG,38.0,LAL,50.0,50.0,32.5,4.7,9.5,0.497,1.1,2.6,0.438,3.6,6.9,0.519,0.557,2.1,2.3,0.922,0.5,2.3,2.8,6.7,0.6,0.1,2.5,1.4,12.7,nashst01
315,Gary Neal,SG,28.0,SAS,68.0,17.0,21.8,3.6,8.8,0.412,1.3,3.7,0.355,2.3,5.1,0.454,0.487,0.9,1.1,0.865,0.2,1.9,2.1,1.9,0.4,0.0,1.0,1.4,9.5,nealga01
316,Jameer Nelson,PG,30.0,ORL,56.0,56.0,35.3,5.5,13.9,0.392,2.2,6.3,0.341,3.3,7.6,0.435,0.47,1.6,1.8,0.873,0.4,3.3,3.7,7.4,1.3,0.1,2.8,2.9,14.7,nelsoja01
317,Andrew Nicholson,PF,23.0,ORL,75.0,28.0,16.7,3.4,6.5,0.527,0.0,0.0,0.0,3.4,6.5,0.527,0.527,1.0,1.3,0.798,0.9,2.5,3.4,0.6,0.3,0.4,1.1,1.8,7.8,nichoan01
318,Joakim Noah,C,27.0,CHI,66.0,64.0,36.8,4.6,9.5,0.481,0.0,0.1,0.0,4.6,9.5,0.485,0.481,2.7,3.6,0.751,3.9,7.2,11.1,4.0,1.2,2.1,2.7,2.8,11.9,noahjo01
319,Steve Novak,SF,29.0,NYK,81.0,1.0,20.3,2.2,5.3,0.414,1.8,4.3,0.425,0.4,1.0,0.367,0.587,0.4,0.4,0.909,0.2,1.7,1.9,0.4,0.3,0.1,0.1,1.2,6.6,novakst01
320,Dirk Nowitzki,PF,34.0,DAL,53.0,47.0,31.3,6.5,13.7,0.471,1.2,3.0,0.414,5.2,10.8,0.487,0.516,3.1,3.6,0.86,0.7,6.2,6.8,2.5,0.7,0.7,1.3,1.8,17.3,nowitdi01
321,Jermaine O'Neal,C,34.0,PHO,55.0,4.0,18.7,3.3,6.7,0.482,0.0,0.0,0.0,3.3,6.7,0.482,0.482,1.7,2.1,0.835,1.5,3.8,5.3,0.8,0.3,1.4,1.3,2.3,8.3,onealje01
322,Kyle O'Quinn,C,22.0,ORL,57.0,5.0,11.2,1.8,3.5,0.513,0.0,0.0,0.0,1.8,3.4,0.515,0.513,0.5,0.8,0.667,1.1,2.5,3.7,0.9,0.2,0.5,0.6,1.9,4.1,oquinky01
323,Lamar Odom,PF,33.0,LAC,82.0,2.0,19.7,1.8,4.5,0.399,0.2,1.1,0.2,1.6,3.4,0.464,0.423,0.2,0.5,0.476,1.4,4.4,5.9,1.7,0.8,0.7,1.0,2.6,4.0,odomla01
324,Tim Ohlbrecht,C,24.0,HOU,3.0,0.0,4.0,0.3,1.0,0.333,0.0,0.0,0.0,0.3,1.0,0.333,0.333,0.3,0.3,1.0,0.0,0.3,0.3,0.3,0.3,0.0,1.3,0.3,1.0,ohlbrti01
325,Emeka Okafor,C,30.0,WAS,79.0,77.0,26.0,4.2,8.7,0.477,0.0,0.0,0.0,4.2,8.7,0.477,0.477,1.4,2.4,0.571,2.5,6.2,8.8,1.2,0.6,1.0,1.4,1.8,9.7,okafoem01
326,Daniel Orton,C,22.0,OKC,13.0,0.0,8.0,0.9,2.0,0.462,0.0,0.0,0.0,0.9,2.0,0.462,0.462,0.7,1.3,0.529,1.0,1.0,2.0,0.3,0.3,0.2,0.3,1.0,2.5,ortonda01
327,Travis Outlaw,SF,28.0,SAC,38.0,2.0,11.7,1.9,4.7,0.418,0.4,1.3,0.28,1.6,3.3,0.472,0.458,1.0,1.4,0.731,0.4,1.2,1.6,0.6,0.3,0.2,0.5,0.9,5.3,outlatr01
328,Zaza Pachulia,C,28.0,ATL,52.0,15.0,21.8,2.2,4.6,0.473,0.0,0.1,0.0,2.2,4.6,0.479,0.473,1.5,2.0,0.757,2.5,3.9,6.5,1.5,0.7,0.2,1.3,2.5,5.9,pachuza01
329,Jannero Pargo,PG,33.0,TOT,32.0,0.0,15.8,2.4,6.6,0.368,1.2,3.6,0.336,1.2,3.0,0.406,0.46,0.4,0.4,0.923,0.3,0.8,1.1,2.1,0.6,0.1,1.3,1.3,6.5,pargoja01
330,Jeremy Pargo,PG-SG,26.0,TOT,39.0,11.0,16.8,2.5,6.4,0.396,0.6,1.9,0.338,1.9,4.5,0.42,0.446,1.1,1.6,0.677,0.2,1.1,1.3,2.4,0.3,0.1,1.3,1.2,6.8,pargoje01
331,Tony Parker,PG,30.0,SAS,66.0,66.0,32.9,7.9,15.1,0.522,0.4,1.0,0.353,7.5,14.0,0.534,0.534,4.2,5.0,0.845,0.3,2.7,3.0,7.6,0.8,0.1,2.6,1.4,20.3,parketo01
332,Chandler Parsons,SF,24.0,HOU,76.0,76.0,36.3,6.0,12.4,0.486,2.0,5.2,0.385,4.0,7.2,0.559,0.567,1.5,2.0,0.729,1.0,4.3,5.3,3.5,1.0,0.4,1.9,1.9,15.5,parsoch01
333,Patrick Patterson,PF,23.0,TOT,71.0,41.0,25.0,4.5,8.8,0.512,0.7,1.9,0.386,3.8,6.9,0.546,0.553,0.7,0.9,0.762,1.6,3.2,4.7,1.1,0.4,0.6,0.9,1.9,10.4,pattepa01
334,Chris Paul,PG,27.0,LAC,70.0,70.0,33.4,5.9,12.2,0.481,1.1,3.3,0.328,4.8,8.9,0.538,0.526,4.1,4.6,0.885,0.8,3.0,3.7,9.7,2.4,0.1,2.3,2.0,16.9,paulch01
335,Sasha Pavlović,SG,29.0,POR,39.0,1.0,13.5,1.1,3.1,0.353,0.5,1.5,0.3,0.6,1.5,0.407,0.429,0.0,0.2,0.167,0.2,1.3,1.4,0.8,0.6,0.1,0.4,1.5,2.6,pavloal01
336,Nikola Peković,C,27.0,MIN,62.0,62.0,31.6,6.2,12.0,0.52,0.0,0.0,0.0,6.2,12.0,0.52,0.52,3.9,5.2,0.744,3.7,5.1,8.8,0.9,0.7,0.8,1.6,2.3,16.3,pekovni01
337,Kendrick Perkins,C,28.0,OKC,78.0,78.0,25.1,1.8,4.0,0.457,0.0,0.0,0.0,1.8,4.0,0.458,0.457,0.6,0.9,0.611,1.4,4.6,6.0,1.4,0.6,1.1,1.4,2.9,4.2,perkike01
338,Johan Petro,C,27.0,ATL,31.0,8.0,11.4,1.5,3.5,0.436,0.0,0.1,0.25,1.5,3.4,0.443,0.441,0.4,0.4,0.917,1.1,2.5,3.6,0.5,0.3,0.3,0.8,1.5,3.5,petrojo01
339,Paul Pierce*,SF,35.0,BOS,77.0,77.0,33.4,6.2,14.2,0.436,1.9,5.0,0.38,4.3,9.2,0.466,0.502,4.3,5.5,0.787,0.6,5.7,6.3,4.8,1.1,0.4,2.8,2.7,18.6,piercpa01
340,Mickaël Piétrus,SF,30.0,TOR,19.0,16.0,20.3,1.8,5.2,0.347,1.1,3.4,0.313,0.7,1.8,0.412,0.449,0.6,0.9,0.667,0.3,1.6,1.9,0.5,0.6,0.3,0.8,1.7,5.3,pietrmi01
341,Dexter Pittman,C,24.0,TOT,11.0,0.0,2.9,0.4,1.0,0.364,0.0,0.0,0.0,0.4,1.0,0.364,0.364,0.0,0.3,0.0,0.6,0.5,1.1,0.0,0.0,0.0,0.3,0.7,0.7,pittmde01
342,Miles Plumlee,C,24.0,IND,14.0,0.0,3.9,0.4,1.5,0.238,0.0,0.0,0.0,0.4,1.5,0.238,0.238,0.2,0.3,0.75,0.9,0.7,1.6,0.1,0.0,0.2,0.2,0.4,0.9,plumlmi01
343,Quincy Pondexter,SF,24.0,MEM,59.0,1.0,21.1,2.2,5.1,0.428,1.0,2.6,0.395,1.2,2.5,0.463,0.528,1.0,1.3,0.787,0.7,1.5,2.2,1.0,0.6,0.1,0.7,1.6,6.4,pondequ01
344,A.J. Price,PG,26.0,WAS,57.0,22.0,22.4,2.8,7.2,0.39,1.2,3.5,0.35,1.6,3.7,0.427,0.475,0.9,1.1,0.79,0.4,1.6,2.0,3.6,0.6,0.1,1.1,1.3,7.7,priceaj01
345,Ronnie Price,PG,29.0,POR,39.0,0.0,13.1,1.0,3.1,0.325,0.3,1.0,0.256,0.7,2.1,0.358,0.367,0.4,0.6,0.708,0.3,0.8,1.1,1.9,0.7,0.1,0.9,1.6,2.7,pricero01
346,Pablo Prigioni,PG,35.0,NYK,78.0,18.0,16.2,1.3,2.8,0.455,0.7,1.7,0.396,0.6,1.1,0.547,0.575,0.3,0.3,0.88,0.5,1.3,1.8,3.0,0.9,0.0,1.1,1.6,3.5,prigipa01
347,Tayshaun Prince,SF,32.0,TOT,82.0,81.0,32.1,4.4,10.0,0.438,0.5,1.1,0.404,3.9,8.9,0.442,0.461,1.2,1.6,0.738,0.9,3.6,4.4,2.4,0.6,0.3,1.1,1.0,10.4,princta01
348,Joel Przybilla,C,33.0,MIL,12.0,1.0,5.7,0.1,0.3,0.25,0.0,0.0,0.0,0.1,0.3,0.25,0.25,0.0,0.2,0.0,0.4,1.3,1.8,0.3,0.1,0.2,0.3,0.8,0.2,przybjo01
349,Chris Quinn,SG,29.0,CLE,7.0,0.0,11.1,0.6,2.3,0.25,0.0,0.7,0.0,0.6,1.6,0.364,0.25,0.3,0.3,1.0,0.1,0.1,0.3,1.3,0.4,0.0,0.9,0.6,1.4,quinnch01
350,Vladimir Radmanović,PF,32.0,CHI,25.0,0.0,5.8,0.5,1.7,0.302,0.2,1.1,0.185,0.3,0.6,0.5,0.36,0.1,0.1,0.667,0.4,0.7,1.1,0.3,0.3,0.2,0.3,1.2,1.3,radmavl01
351,Anthony Randolph,PF,23.0,DEN,39.0,0.0,8.4,1.4,2.9,0.491,0.0,0.2,0.0,1.4,2.7,0.528,0.491,0.8,1.2,0.689,0.7,1.7,2.4,0.3,0.5,0.5,0.9,1.1,3.7,randoan01
352,Shavlik Randolph,PF,29.0,BOS,16.0,0.0,12.4,1.8,3.0,0.583,0.0,0.0,0.0,1.8,3.0,0.583,0.583,0.7,1.7,0.407,1.8,2.6,4.4,0.3,0.5,0.4,0.6,2.4,4.2,randosh01
353,Zach Randolph,PF,31.0,MEM,76.0,75.0,34.3,6.2,13.5,0.46,0.0,0.3,0.087,6.2,13.2,0.469,0.461,3.0,3.9,0.75,4.1,7.2,11.2,1.4,0.8,0.4,2.0,2.4,15.4,randoza01
354,J.J. Redick,SG,28.0,TOT,78.0,13.0,30.5,4.9,11.3,0.434,2.1,5.8,0.366,2.8,5.5,0.506,0.528,2.2,2.4,0.9,0.2,2.0,2.2,3.8,0.5,0.1,1.8,1.5,14.1,redicjj01
355,Jason Richardson,SG,32.0,PHI,33.0,33.0,28.4,4.1,10.2,0.402,1.7,5.1,0.341,2.4,5.1,0.462,0.487,0.6,1.0,0.606,0.6,3.3,3.8,1.5,1.2,0.5,0.8,1.7,10.5,richaja01
356,Quentin Richardson,SF,32.0,NYK,1.0,0.0,29.0,1.0,11.0,0.091,1.0,4.0,0.25,0.0,7.0,0.0,0.136,2.0,2.0,1.0,5.0,5.0,10.0,1.0,0.0,0.0,2.0,1.0,5.0,richaqu01
357,Luke Ridnour,SG,31.0,MIN,82.0,82.0,30.2,4.5,9.9,0.453,0.8,2.6,0.311,3.7,7.3,0.503,0.493,1.7,2.0,0.848,0.5,2.0,2.5,3.8,1.0,0.2,1.6,2.3,11.5,ridnolu01
358,Austin Rivers,SG,20.0,NOH,61.0,26.0,23.2,2.4,6.4,0.372,0.5,1.4,0.326,1.9,5.0,0.385,0.408,1.0,1.8,0.546,0.3,1.5,1.8,2.1,0.4,0.1,1.2,2.0,6.2,riverau01
359,Brian Roberts,PG,27.0,NOH,78.0,5.0,17.0,2.7,6.6,0.417,0.8,2.0,0.386,2.0,4.6,0.43,0.475,0.9,1.0,0.909,0.2,1.0,1.2,2.8,0.5,0.0,0.9,1.4,7.1,roberbr01
360,Nate Robinson,PG,28.0,CHI,82.0,23.0,25.4,4.9,11.2,0.433,1.7,4.2,0.405,3.1,7.0,0.45,0.51,1.6,2.1,0.799,0.4,1.9,2.2,4.4,1.0,0.1,1.8,2.5,13.1,robinna01
361,Thomas Robinson,PF,21.0,TOT,70.0,0.0,15.1,2.0,4.6,0.43,0.0,0.0,0.0,2.0,4.6,0.431,0.43,0.8,1.6,0.523,1.7,2.8,4.5,0.7,0.6,0.4,1.3,1.8,4.8,robinth01
362,Rajon Rondo,PG,26.0,BOS,38.0,38.0,37.4,5.9,12.2,0.484,0.3,1.3,0.24,5.6,10.9,0.513,0.497,1.6,2.4,0.645,1.1,4.4,5.6,11.1,1.8,0.2,3.9,2.5,13.7,rondora01
363,Terrence Ross,SG,21.0,TOR,73.0,2.0,17.0,2.5,6.3,0.407,0.9,2.7,0.332,1.7,3.6,0.464,0.478,0.4,0.6,0.714,0.5,1.5,2.0,0.7,0.6,0.2,0.7,1.7,6.4,rosste01
364,Brandon Roy,SG,28.0,MIN,5.0,5.0,24.4,2.2,7.0,0.314,0.0,1.8,0.0,2.2,5.2,0.423,0.314,1.4,2.0,0.7,0.6,2.2,2.8,4.6,0.6,0.0,1.4,1.0,5.8,roybr01
365,Ricky Rubio,PG,22.0,MIN,57.0,47.0,29.7,3.2,9.0,0.36,0.5,1.6,0.293,2.8,7.4,0.374,0.386,3.7,4.6,0.799,0.8,3.2,4.0,7.3,2.4,0.1,3.0,2.5,10.7,rubiori01
366,Brandon Rush,SF,27.0,GSW,2.0,0.0,12.5,3.0,4.5,0.667,0.0,1.0,0.0,3.0,3.5,0.857,0.667,1.0,1.5,0.667,0.0,0.5,0.5,1.0,0.0,0.0,1.5,2.5,7.0,rushbr01
367,Robert Sacre,C,23.0,LAL,32.0,3.0,6.3,0.6,1.5,0.375,0.0,0.0,0.0,0.6,1.5,0.375,0.375,0.2,0.3,0.636,0.3,0.8,1.1,0.2,0.0,0.3,0.3,1.2,1.3,sacrero01
368,John Salmons,SF,33.0,SAC,76.0,72.0,30.0,3.2,8.1,0.399,1.3,3.5,0.371,1.9,4.5,0.42,0.48,1.1,1.4,0.773,0.4,2.3,2.7,3.0,0.7,0.3,1.1,1.9,8.8,salmojo01
369,Samardo Samuels,C,24.0,CLE,18.0,1.0,10.9,1.2,3.3,0.367,0.0,0.1,0.0,1.2,3.3,0.373,0.367,0.8,1.3,0.583,0.6,1.0,1.6,0.4,0.2,0.2,0.3,1.7,3.2,samuesa01
370,Larry Sanders,C,24.0,MIL,71.0,55.0,27.3,4.3,8.5,0.506,0.0,0.0,0.0,4.3,8.5,0.507,0.506,1.2,1.9,0.618,3.2,6.3,9.5,1.2,0.7,2.8,1.2,3.3,9.8,sandela01
371,Luis Scola,PF,32.0,PHO,82.0,67.0,26.6,5.3,11.2,0.472,0.0,0.2,0.188,5.2,11.0,0.477,0.474,2.2,2.8,0.787,1.9,4.7,6.6,2.2,0.8,0.4,1.5,3.1,12.8,scolalu01
372,Mike Scott,PF,24.0,ATL,40.0,1.0,9.4,1.8,3.7,0.476,0.0,0.0,0.0,1.8,3.7,0.479,0.476,1.1,1.4,0.768,1.0,1.8,2.8,0.3,0.1,0.1,0.5,0.8,4.6,scottmi01
373,Thabo Sefolosha,SG,28.0,OKC,81.0,81.0,27.5,2.8,5.8,0.481,1.3,3.2,0.419,1.4,2.6,0.558,0.597,0.7,0.9,0.826,0.7,3.2,3.9,1.5,1.3,0.5,0.8,2.2,7.6,sefolth01
374,Josh Selby,PG,21.0,MEM,10.0,0.0,5.9,0.6,2.2,0.273,0.1,0.6,0.167,0.5,1.6,0.313,0.295,0.7,1.1,0.636,0.0,0.5,0.5,0.4,0.2,0.0,0.7,0.7,2.0,selbyjo01
375,Kevin Séraphin,C,23.0,WAS,79.0,8.0,21.8,4.2,9.1,0.461,0.0,0.0,0.0,4.2,9.1,0.461,0.461,0.8,1.1,0.693,1.4,3.0,4.4,0.7,0.3,0.7,1.6,2.7,9.1,serapke01
376,Ramon Sessions,SG,26.0,CHA,61.0,0.0,27.1,4.5,11.1,0.408,0.5,1.8,0.308,4.0,9.3,0.427,0.433,4.8,5.7,0.839,0.4,2.3,2.8,3.8,0.8,0.1,1.7,1.5,14.4,sessira01
377,Tornike Shengelia,SF,21.0,BRK,19.0,0.0,4.9,0.5,1.2,0.435,0.1,0.1,0.5,0.5,1.1,0.429,0.457,0.5,0.8,0.563,0.5,0.7,1.2,0.2,0.2,0.1,0.6,0.6,1.6,shengto01
378,Iman Shumpert,SG,22.0,NYK,45.0,45.0,22.1,2.4,6.1,0.396,1.1,2.8,0.402,1.3,3.3,0.392,0.489,0.8,1.0,0.766,0.7,2.3,3.0,1.7,1.0,0.2,0.8,2.2,6.8,shumpim01
379,Alexey Shved,SG,24.0,MIN,77.0,16.0,23.9,3.1,8.2,0.372,1.1,3.7,0.295,2.0,4.5,0.435,0.439,1.4,1.9,0.72,0.5,1.7,2.3,3.7,0.7,0.4,1.9,1.5,8.6,shvedal01
380,Henry Sims,C,22.0,NOH,2.0,0.0,2.5,1.0,1.5,0.667,0.0,0.0,0.0,1.0,1.5,0.667,0.667,0.0,0.0,0.0,1.0,0.0,1.0,0.0,0.0,0.0,0.5,0.5,2.0,simshe01
381,Kyle Singler,SF,24.0,DET,82.0,74.0,28.0,3.4,7.8,0.428,0.9,2.4,0.35,2.5,5.4,0.464,0.483,1.2,1.5,0.806,1.3,2.7,4.0,0.9,0.7,0.5,1.2,2.6,8.8,singlky01
382,Chris Singleton,PF,23.0,WAS,57.0,11.0,16.2,1.6,4.2,0.382,0.1,0.6,0.194,1.5,3.6,0.415,0.396,0.7,1.2,0.571,0.9,2.3,3.2,0.6,0.7,0.4,0.8,2.2,4.1,singlch01
383,Donald Sloan,SG-PG,25.0,TOT,23.0,0.0,11.4,1.2,3.4,0.346,0.3,0.8,0.368,0.9,2.6,0.339,0.391,0.9,1.1,0.8,0.1,1.1,1.2,1.7,0.2,0.0,0.6,0.7,3.5,sloando01
384,Greg Smith,C,22.0,HOU,70.0,10.0,15.9,2.4,3.9,0.62,0.0,0.0,0.0,2.4,3.9,0.623,0.62,1.2,1.9,0.623,1.6,3.0,4.6,0.4,0.3,0.6,0.6,2.5,6.0,smithgr02
385,Ish Smith,PG,24.0,TOT,52.0,3.0,9.9,1.1,3.1,0.352,0.2,0.5,0.296,0.9,2.5,0.364,0.377,0.1,0.1,0.429,0.2,0.9,1.2,1.7,0.4,0.2,0.7,0.5,2.4,smithis01
386,J.R. Smith,SG,27.0,NYK,80.0,0.0,33.5,6.6,15.6,0.422,1.9,5.5,0.356,4.7,10.2,0.458,0.484,3.0,3.9,0.762,0.8,4.5,5.3,2.7,1.3,0.3,1.7,2.8,18.1,smithjr01
387,Jason Smith,C,26.0,NOH,51.0,0.0,17.2,3.3,6.7,0.49,0.0,0.1,0.0,3.3,6.6,0.496,0.49,1.7,2.0,0.843,1.3,2.4,3.6,0.7,0.3,0.9,1.1,2.4,8.2,smithja02
388,Josh Smith,PF,27.0,ATL,76.0,76.0,35.3,7.2,15.6,0.465,0.8,2.6,0.303,6.4,12.9,0.498,0.491,2.2,4.2,0.517,1.8,6.7,8.4,4.2,1.2,1.8,3.0,2.3,17.5,smithjo03
389,Nolan Smith,PG,24.0,POR,40.0,0.0,7.2,1.1,2.9,0.368,0.2,0.7,0.214,0.9,2.2,0.419,0.395,0.5,0.7,0.714,0.2,0.5,0.7,0.9,0.2,0.0,0.7,0.7,2.8,smithno01
390,Marreese Speights,C,25.0,TOT,79.0,3.0,16.5,3.3,7.4,0.445,0.0,0.1,0.3,3.3,7.3,0.448,0.448,1.7,2.2,0.771,1.8,3.0,4.9,0.6,0.3,0.7,1.0,2.2,8.3,speigma01
391,Tiago Splitter,PF,28.0,SAS,81.0,58.0,24.7,3.9,7.0,0.56,0.0,0.0,0.0,3.9,6.9,0.561,0.56,2.6,3.5,0.73,1.8,4.6,6.4,1.6,0.8,0.8,1.2,2.0,10.3,splitti01
392,Jerry Stackhouse,SF,38.0,BRK,37.0,0.0,14.7,1.8,4.6,0.384,0.8,2.4,0.337,1.0,2.2,0.434,0.471,0.5,0.6,0.87,0.1,0.8,0.9,0.9,0.2,0.1,0.6,0.8,4.9,stackje01
393,Lance Stephenson,SG,22.0,IND,78.0,72.0,29.2,3.5,7.7,0.46,0.8,2.4,0.33,2.7,5.3,0.52,0.512,1.0,1.5,0.652,0.6,3.3,3.9,2.9,1.0,0.2,1.4,2.1,8.8,stephla01
394,DeShawn Stevenson,SG,31.0,ATL,56.0,31.0,20.7,1.8,4.7,0.374,1.4,3.7,0.364,0.4,0.9,0.415,0.519,0.2,0.4,0.522,0.3,1.9,2.2,0.9,0.5,0.1,0.4,1.2,5.1,stevede01
395,Greg Stiemsma,C,27.0,MIN,76.0,19.0,15.9,1.7,3.7,0.457,0.0,0.0,0.0,1.7,3.7,0.457,0.457,0.7,0.9,0.768,0.8,2.6,3.4,0.4,0.6,1.2,0.8,2.4,4.0,stiemgr01
396,Julyan Stone,PG,24.0,DEN,4.0,0.0,7.0,0.5,0.5,1.0,0.0,0.0,0.0,0.5,0.5,1.0,1.0,0.8,1.0,0.75,0.5,0.3,0.8,0.5,0.3,0.0,0.5,1.0,1.8,stoneju01
397,Amar'e Stoudemire,PF,30.0,NYK,29.0,0.0,23.5,5.3,9.2,0.577,0.0,0.0,0.0,5.3,9.2,0.577,0.577,3.6,4.5,0.808,2.1,2.9,5.0,0.4,0.3,0.7,1.7,3.1,14.2,stoudam01
398,Rodney Stuckey,SG,26.0,DET,76.0,24.0,28.6,4.0,9.8,0.406,0.7,2.4,0.302,3.3,7.4,0.44,0.443,2.8,3.6,0.783,0.6,2.2,2.8,3.6,0.7,0.2,1.8,1.7,11.5,stuckro01
399,Jared Sullinger,PF,20.0,BOS,45.0,5.0,19.8,2.5,5.0,0.493,0.0,0.1,0.2,2.4,4.9,0.5,0.496,1.0,1.4,0.746,2.0,3.8,5.9,0.8,0.5,0.5,0.6,3.4,6.0,sullija01
400,DaJuan Summers,PF,25.0,LAC,2.0,0.0,3.5,0.5,2.0,0.25,0.0,0.0,0.0,0.5,2.0,0.25,0.25,0.0,0.0,0.0,0.0,1.0,1.0,0.5,0.0,0.0,0.0,0.0,1.0,summeda01
401,Jeff Taylor,SF,23.0,CHA,77.0,29.0,19.6,2.2,5.2,0.431,0.7,2.0,0.344,1.5,3.2,0.486,0.497,1.0,1.3,0.728,0.7,1.3,1.9,0.8,0.6,0.2,0.6,1.8,6.1,tayloje03
402,Tyshawn Taylor,PG,22.0,BRK,38.0,0.0,5.8,0.8,2.3,0.368,0.2,0.3,0.462,0.7,1.9,0.351,0.402,0.4,0.7,0.556,0.1,0.4,0.5,0.6,0.3,0.0,0.7,0.7,2.2,tayloty01
403,Jeff Teague,PG,24.0,ATL,80.0,78.0,32.9,5.5,12.2,0.451,1.1,3.1,0.359,4.4,9.1,0.482,0.496,2.5,2.8,0.881,0.3,1.9,2.3,7.2,1.5,0.4,2.9,2.3,14.6,teaguje01
404,Marquis Teague,PG,19.0,CHI,48.0,0.0,8.2,0.9,2.4,0.381,0.1,0.5,0.174,0.8,1.9,0.433,0.398,0.2,0.3,0.563,0.1,0.9,0.9,1.3,0.2,0.1,0.7,1.0,2.1,teaguma01
405,Mirza Teletović,PF,27.0,BRK,53.0,0.0,9.4,1.3,3.5,0.384,0.7,2.0,0.343,0.6,1.5,0.442,0.484,0.2,0.2,0.818,0.6,1.2,1.8,0.4,0.2,0.2,0.4,1.0,3.5,teletmi01
406,Sebastian Telfair,PG,27.0,TOT,59.0,2.0,16.6,1.9,5.2,0.362,0.9,2.5,0.353,1.0,2.7,0.371,0.448,0.9,1.2,0.783,0.2,1.2,1.4,2.6,0.6,0.2,1.1,1.8,5.6,telfase01
407,Garrett Temple,SG,26.0,WAS,51.0,36.0,22.7,2.1,5.1,0.407,0.5,1.6,0.325,1.5,3.5,0.444,0.457,0.5,0.7,0.703,0.6,1.8,2.4,2.3,1.0,0.3,1.2,1.8,5.1,templga01
408,Jason Terry,SG,35.0,BOS,79.0,24.0,26.9,3.6,8.2,0.434,1.6,4.2,0.372,2.0,4.0,0.498,0.529,1.4,1.7,0.87,0.2,1.8,2.0,2.5,0.8,0.1,1.3,1.4,10.1,terryja01
409,Hasheem Thabeet,C,25.0,OKC,66.0,4.0,11.7,1.0,1.6,0.604,0.0,0.0,0.0,1.0,1.6,0.604,0.604,0.5,0.8,0.604,1.0,1.9,3.0,0.2,0.5,0.9,0.6,2.2,2.4,thabeha01
410,Isaiah Thomas,PG,23.0,SAC,79.0,62.0,26.9,4.6,10.5,0.44,1.5,4.1,0.358,3.2,6.5,0.491,0.509,3.2,3.6,0.882,0.4,1.7,2.0,4.0,0.8,0.0,1.8,2.1,13.9,thomais02
411,Kurt Thomas,PF,40.0,NYK,39.0,17.0,10.1,1.2,2.1,0.542,0.0,0.0,1.0,1.1,2.1,0.537,0.548,0.2,0.3,0.462,0.6,1.7,2.3,0.5,0.3,0.4,0.2,1.3,2.5,thomaku01
412,Lance Thomas,SF,24.0,NOH,59.0,9.0,10.9,0.9,1.8,0.5,0.0,0.0,0.0,0.9,1.8,0.5,0.5,0.7,1.0,0.729,0.7,1.2,1.9,0.3,0.2,0.1,0.2,1.3,2.5,thomala01
413,Malcolm Thomas,PF,24.0,TOT,12.0,0.0,4.8,0.4,0.8,0.5,0.0,0.0,0.0,0.4,0.8,0.5,0.5,0.4,0.7,0.625,0.4,0.9,1.3,0.3,0.2,0.2,0.3,0.7,1.3,thomama01
414,Tyrus Thomas,PF,26.0,CHA,26.0,2.0,13.8,1.8,5.2,0.353,0.1,0.3,0.375,1.7,4.9,0.352,0.364,1.0,1.2,0.839,0.6,1.7,2.3,0.7,0.5,0.6,0.7,2.0,4.8,thomaty01
415,Jason Thompson,PF,26.0,SAC,82.0,81.0,27.9,4.6,9.1,0.502,0.0,0.0,0.0,4.6,9.0,0.504,0.502,1.7,2.5,0.694,2.1,4.6,6.7,1.0,0.6,0.7,1.2,2.8,10.9,thompja02
416,Klay Thompson,SG,22.0,GSW,82.0,82.0,35.8,6.2,14.7,0.422,2.6,6.4,0.401,3.6,8.3,0.437,0.509,1.6,1.9,0.841,0.4,3.3,3.7,2.2,1.0,0.5,1.9,2.9,16.6,thompkl01
417,Tristan Thompson,PF,21.0,CLE,82.0,82.0,31.3,4.8,9.7,0.488,0.0,0.0,0.0,4.8,9.7,0.49,0.488,2.2,3.5,0.608,3.7,5.7,9.4,1.3,0.7,0.9,1.5,2.9,11.7,thomptr01
418,Marcus Thornton,SG,25.0,SAC,72.0,8.0,24.0,4.6,10.8,0.429,2.0,5.3,0.372,2.7,5.5,0.484,0.52,1.5,1.8,0.881,0.7,1.8,2.5,1.3,0.8,0.1,0.9,1.5,12.7,thornma01
419,Jamaal Tinsley,PG,34.0,UTA,66.0,32.0,18.5,1.3,3.5,0.368,0.6,1.9,0.307,0.7,1.6,0.439,0.451,0.3,0.4,0.692,0.3,1.5,1.7,4.4,1.0,0.2,1.6,1.6,3.5,tinslja01
420,Anthony Tolliver,SF,27.0,ATL,62.0,11.0,15.5,1.3,3.5,0.38,0.7,2.1,0.338,0.6,1.3,0.446,0.484,0.7,0.8,0.863,0.5,2.0,2.5,0.5,0.2,0.2,0.6,1.1,4.1,tollian01
421,P.J. Tucker,SG,27.0,PHO,79.0,45.0,24.2,2.7,5.6,0.473,0.3,0.9,0.314,2.4,4.7,0.503,0.498,0.8,1.1,0.744,1.7,2.8,4.4,1.4,0.8,0.2,0.8,1.8,6.4,tuckepj01
422,Ronny Turiaf,C,30.0,LAC,65.0,0.0,10.8,0.8,1.5,0.505,0.0,0.0,0.0,0.8,1.5,0.505,0.505,0.4,1.0,0.365,0.7,1.6,2.3,0.5,0.3,0.5,0.4,1.2,1.9,turiaro01
423,Hedo Türkoğlu,SF,33.0,ORL,11.0,1.0,17.2,1.3,4.8,0.264,0.1,2.2,0.042,1.2,2.6,0.448,0.274,0.3,0.5,0.5,0.4,2.0,2.4,2.1,0.6,0.1,1.1,1.0,2.9,turkohe01
424,Evan Turner,SF,24.0,PHI,82.0,82.0,35.3,5.4,12.8,0.419,0.7,1.9,0.365,4.7,10.9,0.428,0.446,1.9,2.5,0.74,0.7,5.6,6.3,4.3,0.9,0.2,2.3,2.4,13.3,turneev01
425,Jeremy Tyler,C,21.0,TOT,21.0,0.0,3.2,0.4,1.1,0.375,0.0,0.0,0.0,0.4,1.1,0.375,0.375,0.2,0.3,0.667,0.3,0.7,1.0,0.0,0.0,0.1,0.3,0.5,1.0,tylerje01
426,Ekpe Udoh,C,25.0,MIL,76.0,9.0,17.3,1.5,3.5,0.435,0.0,0.0,0.0,1.5,3.5,0.437,0.435,1.2,1.6,0.748,1.5,1.8,3.3,0.6,0.5,1.1,0.6,1.8,4.3,udohek01
427,Beno Udrih,SG-PG,30.0,TOT,66.0,9.0,22.1,3.2,7.2,0.441,0.5,1.5,0.333,2.7,5.7,0.471,0.477,1.3,1.6,0.816,0.5,1.6,2.1,4.6,0.6,0.0,1.6,1.4,8.2,udrihbe01
428,Jonas Valančiūnas,C,20.0,TOR,62.0,57.0,23.9,3.3,5.9,0.557,0.0,0.0,0.0,3.3,5.9,0.557,0.557,2.4,3.0,0.789,2.0,4.0,6.0,0.7,0.3,1.3,1.5,3.0,8.9,valanjo01
429,Anderson Varejão,C,30.0,CLE,25.0,25.0,36.0,5.5,11.6,0.478,0.0,0.2,0.0,5.5,11.4,0.486,0.478,3.1,4.1,0.755,5.5,8.9,14.4,3.4,1.5,0.6,1.8,2.7,14.1,varejan01
430,Jarvis Varnado,PF,24.0,TOT,13.0,0.0,4.5,0.2,0.5,0.429,0.0,0.0,0.0,0.2,0.5,0.429,0.429,0.2,0.3,0.5,0.2,0.5,0.7,0.2,0.1,0.2,0.5,0.8,0.6,varnaja01
431,Greivis Vásquez,PG,26.0,NOH,78.0,78.0,34.4,5.6,13.0,0.433,1.1,3.1,0.342,4.6,9.9,0.462,0.474,1.6,2.0,0.805,0.6,3.8,4.3,9.0,0.8,0.1,3.2,2.4,13.9,vasqugr01
432,Jan Veselý,PF,22.0,WAS,51.0,4.0,11.8,1.1,2.2,0.5,0.0,0.0,0.0,1.1,2.2,0.504,0.5,0.2,0.8,0.308,0.8,1.5,2.4,0.5,0.3,0.3,0.5,2.1,2.5,veselja01
433,Charlie Villanueva,PF,28.0,DET,69.0,0.0,15.8,2.5,6.7,0.377,1.3,3.8,0.347,1.2,3.0,0.415,0.474,0.4,0.7,0.551,0.7,2.8,3.5,0.8,0.4,0.6,0.6,1.4,6.8,villach01
434,Nikola Vučević,C,22.0,ORL,77.0,77.0,33.2,6.0,11.5,0.519,0.0,0.0,0.0,6.0,11.5,0.52,0.519,1.1,1.6,0.683,3.5,8.4,11.9,1.9,0.8,1.0,1.8,2.8,13.1,vucevni01
435,Dwyane Wade,SG,31.0,MIA,69.0,69.0,34.7,8.2,15.8,0.521,0.2,1.0,0.258,8.0,14.9,0.537,0.528,4.5,6.2,0.725,1.2,3.7,5.0,5.1,1.9,0.8,2.8,2.0,21.2,wadedw01
436,Dion Waiters,SG,21.0,CLE,61.0,48.0,28.8,5.5,13.4,0.412,1.0,3.3,0.31,4.5,10.0,0.446,0.451,2.6,3.5,0.746,0.4,2.1,2.4,3.0,1.0,0.3,2.0,1.9,14.7,waitedi01
437,Kemba Walker,PG,22.0,CHA,82.0,82.0,34.9,6.4,15.2,0.423,1.3,4.0,0.322,5.1,11.1,0.459,0.466,3.6,4.5,0.798,0.7,2.7,3.5,5.7,2.0,0.4,2.4,1.9,17.7,walkeke02
438,John Wall,PG,22.0,WAS,49.0,42.0,32.7,6.6,15.0,0.441,0.2,0.9,0.267,6.4,14.1,0.452,0.449,5.0,6.2,0.804,0.7,3.3,4.0,7.6,1.3,0.8,3.2,2.4,18.5,walljo01
439,Gerald Wallace,SF,30.0,BRK,69.0,68.0,30.1,2.6,6.6,0.397,0.7,2.4,0.282,2.0,4.3,0.461,0.448,1.8,2.8,0.637,1.0,3.6,4.6,2.6,1.4,0.7,1.6,1.7,7.7,wallage01
440,Rasheed Wallace,C,38.0,NYK,21.0,0.0,14.1,2.6,6.8,0.387,1.0,3.3,0.319,1.6,3.5,0.452,0.465,0.7,1.0,0.7,0.5,3.4,4.0,0.3,0.6,0.7,0.5,1.9,7.0,wallara01
441,Luke Walton,PF,32.0,CLE,50.0,0.0,17.1,1.4,3.6,0.392,0.4,1.3,0.299,1.0,2.3,0.447,0.448,0.2,0.4,0.5,0.8,2.1,2.9,3.3,0.8,0.3,1.2,2.0,3.4,waltolu01
442,Hakim Warrick,PF,30.0,TOT,28.0,14.0,17.5,2.4,5.9,0.406,0.0,0.1,0.0,2.4,5.8,0.414,0.406,2.1,3.1,0.682,0.8,2.4,3.2,0.9,0.5,0.2,1.0,1.3,6.9,warriha01
443,C.J. Watson,PG,28.0,BRK,80.0,8.0,19.0,2.4,5.7,0.418,1.1,2.7,0.411,1.3,3.1,0.424,0.514,0.9,1.1,0.78,0.5,1.3,1.8,2.0,0.8,0.2,0.9,1.5,6.8,watsocj01
444,Earl Watson,PG,33.0,UTA,48.0,4.0,17.3,0.8,2.5,0.308,0.1,0.6,0.179,0.7,1.9,0.348,0.329,0.4,0.5,0.68,0.5,1.3,1.8,4.0,0.8,0.2,1.4,2.0,2.0,watsoea01
445,Maalik Wayns,PG,21.0,TOT,27.0,1.0,7.5,1.0,3.3,0.295,0.3,1.1,0.226,0.7,2.1,0.333,0.335,0.6,0.7,0.895,0.0,0.2,0.3,1.0,0.2,0.0,0.6,1.0,2.8,waynsma01
446,Martell Webster,SF,26.0,WAS,76.0,62.0,28.9,3.7,8.4,0.442,1.8,4.3,0.422,1.9,4.0,0.463,0.551,2.2,2.6,0.848,0.7,3.2,3.9,1.9,0.6,0.2,1.2,2.2,11.4,webstma02
447,David West,PF,32.0,IND,73.0,73.0,33.4,6.9,13.8,0.498,0.1,0.3,0.211,6.8,13.6,0.503,0.5,3.3,4.3,0.768,2.0,5.7,7.7,2.9,1.0,0.9,2.2,2.0,17.1,westda01
448,Russell Westbrook,PG,24.0,OKC,82.0,82.0,34.9,8.2,18.7,0.438,1.2,3.7,0.323,7.0,15.1,0.466,0.47,5.6,7.0,0.8,1.4,3.9,5.2,7.4,1.8,0.3,3.3,2.3,23.2,westbru01
449,D.J. White,PF,26.0,BOS,12.0,0.0,7.2,1.0,1.9,0.522,0.0,0.0,0.0,1.0,1.9,0.522,0.522,0.4,0.8,0.556,0.3,0.8,1.1,0.3,0.1,0.5,0.2,0.4,2.4,whitedj01
450,James White,SF,30.0,NYK,57.0,16.0,7.6,0.9,2.0,0.431,0.2,0.7,0.341,0.6,1.3,0.48,0.491,0.2,0.3,0.579,0.1,0.8,0.8,0.5,0.2,0.1,0.3,0.8,2.2,whiteja02
451,Chris Wilcox,C,30.0,BOS,61.0,7.0,13.6,1.8,2.5,0.719,0.0,0.0,0.0,1.8,2.5,0.724,0.719,0.6,1.0,0.672,0.9,2.0,3.0,0.4,0.5,0.5,0.6,2.0,4.2,wilcoch01
452,Damien Wilkins,SG,33.0,PHI,61.0,21.0,18.0,2.4,5.2,0.459,0.3,0.8,0.333,2.1,4.3,0.483,0.486,1.3,1.8,0.743,0.5,1.2,1.7,1.5,0.6,0.3,0.8,1.6,6.4,wilkida02
453,Deron Williams,PG,28.0,BRK,78.0,78.0,36.4,6.3,14.4,0.44,2.2,5.7,0.378,4.2,8.7,0.482,0.516,4.1,4.7,0.859,0.4,2.6,3.0,7.7,1.0,0.4,2.8,2.5,18.9,willide01
454,Derrick Williams,PF,21.0,MIN,78.0,56.0,24.6,4.3,10.1,0.43,0.8,2.5,0.332,3.5,7.6,0.463,0.471,2.5,3.5,0.706,1.2,4.3,5.5,0.6,0.6,0.5,1.3,1.6,12.0,willide02
455,Lou Williams,SG,26.0,ATL,39.0,9.0,28.7,4.8,11.4,0.422,1.8,5.0,0.367,2.9,6.3,0.466,0.503,2.7,3.1,0.868,0.2,1.8,2.1,3.6,1.1,0.3,1.9,1.4,14.1,willilo02
456,Marvin Williams,SF,26.0,UTA,73.0,51.0,23.7,2.7,6.4,0.423,0.7,2.3,0.325,2.0,4.2,0.477,0.481,1.1,1.4,0.778,0.8,2.8,3.6,1.1,0.5,0.5,0.8,1.3,7.2,willima02
457,Mo Williams,PG,30.0,UTA,46.0,46.0,30.8,5.0,11.6,0.43,1.3,3.3,0.383,3.7,8.2,0.449,0.485,1.6,1.8,0.882,0.5,1.9,2.4,6.2,1.0,0.2,2.7,2.3,12.9,willima01
458,Reggie Williams,SF,26.0,CHA,40.0,0.0,9.5,1.4,3.3,0.432,0.6,1.8,0.306,0.9,1.5,0.583,0.515,0.3,0.5,0.476,0.2,1.1,1.3,1.0,0.3,0.0,0.5,0.5,3.7,willire02
459,Terrence Williams,SF,25.0,BOS,24.0,0.0,13.3,2.0,4.0,0.495,0.2,0.6,0.333,1.8,3.4,0.524,0.521,0.4,0.9,0.429,0.2,1.7,1.8,1.6,0.5,0.1,0.9,0.5,4.6,willite01
460,Metta World Peace,SF,33.0,LAL,75.0,66.0,33.7,4.4,11.0,0.403,1.9,5.5,0.342,2.5,5.5,0.464,0.488,1.7,2.3,0.734,1.3,3.6,5.0,1.5,1.6,0.6,1.3,2.6,12.4,artesro01
461,Brandan Wright,C,25.0,DAL,64.0,16.0,18.0,3.8,6.3,0.597,0.0,0.0,0.0,3.8,6.3,0.601,0.597,0.9,1.5,0.615,1.3,2.7,4.1,0.6,0.4,1.2,0.5,1.2,8.5,wrighbr03
462,Chris Wright,SG,23.0,DAL,3.0,0.0,1.3,0.3,0.7,0.5,0.0,0.0,0.0,0.3,0.7,0.5,0.5,0.0,0.0,0.0,0.0,0.0,0.0,0.0,0.0,0.0,0.3,0.0,0.7,wrighch02
463,Dorell Wright,SF,27.0,PHI,79.0,8.0,22.6,3.0,7.6,0.396,1.7,4.6,0.374,1.3,3.0,0.429,0.508,1.5,1.8,0.851,0.5,3.3,3.8,1.9,0.8,0.4,0.8,1.2,9.2,wrighdo01
464,Tony Wroten,SG,19.0,MEM,35.0,0.0,7.8,0.9,2.5,0.384,0.1,0.5,0.25,0.8,2.0,0.414,0.407,0.6,0.8,0.724,0.4,0.4,0.8,1.2,0.2,0.1,0.8,1.0,2.6,wroteto01
465,Nick Young,SG,27.0,PHI,59.0,17.0,23.9,3.8,9.2,0.413,1.3,3.6,0.357,2.5,5.6,0.449,0.482,1.8,2.2,0.82,0.4,1.8,2.2,1.4,0.6,0.2,0.8,1.4,10.6,youngni01
466,Sam Young,SG,27.0,IND,56.0,3.0,12.4,1.0,2.6,0.392,0.3,0.9,0.308,0.8,1.7,0.438,0.446,0.4,0.8,0.535,0.5,1.7,2.2,0.8,0.3,0.1,0.6,1.1,2.8,youngsa01
467,Thaddeus Young,PF,24.0,PHI,76.0,76.0,34.6,6.7,12.6,0.531,0.0,0.1,0.125,6.7,12.5,0.535,0.532,1.4,2.5,0.574,2.4,5.1,7.5,1.6,1.8,0.7,1.2,2.5,14.8,youngth01
468,Luke Zeller,C,25.0,PHO,16.0,0.0,3.6,0.6,1.6,0.346,0.1,0.3,0.2,0.5,1.3,0.381,0.365,0.0,0.0,0.0,0.1,0.6,0.6,0.2,0.0,0.0,0.0,0.3,1.2,zellelu01
469,Tyler Zeller,C,23.0,CLE,77.0,55.0,26.4,3.2,7.3,0.438,0.0,0.1,0.0,3.2,7.2,0.441,0.438,1.6,2.0,0.764,2.1,3.6,5.7,1.2,0.5,0.9,1.2,3.3,7.9,zellety01
