1,Quincy Acy,PF,24.0,NYK,68.0,1287.0,11.9,0.533,0.181,0.293,6.9,20.5,13.5,8.7,1.1,1.4,13.8,15.5,0.0,1.0,0.7,1.7,0.063,0.0,-2.1,-1.0,-3.1,-0.3,acyqu01
2,Jordan Adams,SG,20.0,MEM,30.0,248.0,12.8,0.489,0.291,0.267,4.2,8.7,6.4,10.1,3.4,2.3,12.7,20.4,0.0,0.0,0.4,0.4,0.073,0.0,-1.2,2.6,1.4,0.2,adamsjo01
3,Steven Adams,C,21.0,OKC,70.0,1771.0,14.1,0.549,0.005,0.514,12.2,19.3,15.8,5.5,1.1,3.8,16.8,14.3,0.0,1.9,2.2,4.1,0.111,0.0,-1.5,0.2,-1.3,0.3,adamsst01
4,Jeff Adrien,PF,28.0,MIN,17.0,215.0,14.2,0.494,0.0,0.864,11.9,29.6,20.5,10.5,0.9,3.3,12.9,14.3,0.0,0.2,0.2,0.4,0.087,0.0,-1.9,-0.6,-2.4,0.0,adrieje01
5,Arron Afflalo,SG,29.0,TOT,78.0,2502.0,10.7,0.533,0.377,0.224,1.1,9.7,5.3,8.2,0.8,0.2,10.7,19.0,0.0,1.6,1.0,2.6,0.05,0.0,-1.4,-1.1,-2.5,-0.3,afflaar01
6,Alexis Ajinça,C,26.0,NOP,68.0,957.0,19.9,0.595,0.0,0.301,12.4,25.0,18.7,8.2,1.2,4.0,15.6,21.1,0.0,1.9,1.2,3.2,0.159,0.0,-0.7,0.4,-0.3,0.4,ajincal01
7,Furkan Aldemir,PF,23.0,PHI,41.0,540.0,12.0,0.517,0.064,0.346,14.9,20.7,17.7,8.3,1.6,2.4,15.9,8.6,0.0,0.7,0.7,1.4,0.122,0.0,-3.9,0.4,-3.6,-0.2,aldemfu01
8,Cole Aldrich,C,26.0,NYK,61.0,976.0,18.1,0.513,0.0,0.213,11.6,28.9,20.0,13.3,2.0,5.5,15.2,18.3,0.0,0.8,1.4,2.2,0.107,0.0,-0.8,1.1,0.3,0.6,aldrico01
9,LaMarcus Aldridge,PF,29.0,POR,71.0,2512.0,22.8,0.528,0.074,0.256,7.7,22.9,15.5,9.2,1.0,1.9,7.2,30.2,0.0,4.9,3.7,8.6,0.165,0.0,3.2,-0.3,2.9,3.1,aldrila01
10,Lavoy Allen,C,25.0,IND,63.0,1070.0,14.9,0.493,0.0,0.157,12.8,20.5,16.7,10.9,0.7,3.1,11.1,15.2,0.0,1.3,1.6,2.8,0.127,0.0,-0.5,0.5,0.0,0.6,allenla01
11,Tony Allen,SG,33.0,MEM,63.0,1648.0,14.6,0.528,0.064,0.277,7.2,12.2,9.7,8.1,4.1,1.5,14.4,16.6,0.0,0.9,3.2,4.1,0.119,0.0,-1.5,3.1,1.6,1.5,allento01
12,Al-Farouq Aminu,SF,24.0,DAL,74.0,1366.0,14.4,0.504,0.347,0.331,9.1,18.4,13.7,6.1,2.6,3.7,11.9,15.2,0.0,1.2,2.0,3.3,0.115,0.0,-0.7,1.5,0.7,1.0,aminual01
13,Lou Amundson,PF,32.0,TOT,53.0,937.0,11.8,0.442,0.004,0.341,11.3,22.0,16.5,12.2,1.2,4.6,17.5,17.4,0.0,-0.6,0.9,0.3,0.017,0.0,-4.1,-0.2,-4.3,-0.5,amundlo01
14,Chris Andersen,C,36.0,MIA,60.0,1132.0,16.1,0.622,0.063,0.551,8.2,23.2,15.9,6.1,1.2,4.6,13.5,12.3,0.0,2.1,1.5,3.6,0.151,0.0,0.0,1.0,1.1,0.9,anderch01
15,Alan Anderson,SG,32.0,BRK,74.0,1744.0,10.6,0.563,0.477,0.23,2.0,11.1,6.6,7.2,1.7,0.2,11.0,14.2,0.0,1.7,1.1,2.7,0.075,0.0,-1.7,0.2,-1.5,0.2,anderal01
16,Kyle Anderson,SF,21.0,SAS,33.0,358.0,8.2,0.389,0.124,0.157,1.6,20.8,11.4,10.9,2.1,1.5,9.5,13.4,0.0,-0.3,0.6,0.3,0.044,0.0,-3.8,2.3,-1.4,0.1,anderky01
17,Ryan Anderson,PF,26.0,NOP,61.0,1675.0,15.6,0.524,0.492,0.207,7.3,12.7,10.0,5.4,1.0,0.9,7.2,23.4,0.0,2.6,0.9,3.5,0.1,0.0,1.8,-2.1,-0.3,0.7,anderry01
18,Giannis Antetokounmpo,SG,20.0,MIL,81.0,2541.0,14.8,0.552,0.056,0.445,4.5,19.7,12.2,13.1,1.5,2.8,15.6,19.6,0.0,2.2,4.0,6.2,0.117,0.0,-1.2,1.2,0.0,1.2,antetgi01
19,Carmelo Anthony,SF,30.0,NYK,40.0,1428.0,21.5,0.531,0.222,0.294,5.7,16.0,10.7,18.0,1.5,1.0,8.9,32.2,0.0,2.2,0.6,2.9,0.097,0.0,4.9,-1.9,3.0,1.8,anthoca01
20,Joel Anthony,C,32.0,DET,49.0,406.0,14.7,0.607,0.0,0.355,8.2,17.0,12.4,1.8,1.5,9.5,14.3,9.1,0.0,0.5,0.7,1.2,0.142,0.0,-2.9,3.1,0.2,0.2,anthojo01
21,Pero Antić,C,32.0,ATL,63.0,1037.0,9.5,0.508,0.584,0.416,6.6,14.0,10.4,6.9,0.9,1.1,12.3,17.6,0.0,0.5,1.0,1.5,0.07,0.0,-3.0,-1.2,-4.1,-0.6,anticpe01
22,Trevor Ariza,SF,29.0,HOU,82.0,2930.0,12.7,0.539,0.61,0.157,2.9,14.4,8.6,11.1,2.6,0.5,12.7,16.5,0.0,2.7,3.9,6.6,0.108,0.0,-0.1,1.1,1.0,2.2,arizatr01
23,Darrell Arthur,PF,26.0,DEN,58.0,988.0,11.5,0.466,0.286,0.154,5.6,13.4,9.3,9.3,2.4,2.1,10.3,20.0,0.0,-0.1,0.9,0.9,0.042,0.0,-2.4,0.7,-1.7,0.1,arthuda01
24,Ömer Aşık,C,28.0,NOP,76.0,1982.0,15.5,0.545,0.0,0.546,14.0,28.8,21.4,5.4,0.8,2.1,15.7,14.0,0.0,2.8,2.2,5.0,0.12,0.0,-0.4,-0.9,-1.2,0.4,asikom01
25,D.J. Augustin,PG,27.0,TOT,82.0,1964.0,13.9,0.527,0.38,0.317,1.1,7.9,4.4,28.2,1.3,0.1,16.4,19.8,0.0,2.5,0.9,3.4,0.083,0.0,0.4,-1.6,-1.2,0.4,augusdj01
26,Jeff Ayres,PF,27.0,SAS,51.0,383.0,14.4,0.618,0.0,0.379,11.2,23.3,17.3,5.5,1.1,1.6,19.0,16.3,0.0,0.6,0.6,1.2,0.147,0.0,-2.4,0.3,-2.2,0.0,pendeje02
27,Luke Babbitt,SF,25.0,NOP,63.0,830.0,11.1,0.639,0.599,0.099,1.6,13.5,7.6,4.3,1.1,1.0,11.5,12.4,0.0,1.1,0.5,1.6,0.092,0.0,0.0,-0.3,-0.4,0.3,babbilu01
28,Cameron Bairstow,PF,24.0,CHI,18.0,64.0,2.1,0.309,0.0,0.357,10.5,3.3,6.8,2.2,1.6,1.1,15.6,13.5,0.0,-0.1,0.0,-0.1,-0.048,0.0,-7.0,-2.0,-9.0,-0.1,bairsca01
29,Leandro Barbosa,SG,32.0,GSW,66.0,982.0,15.3,0.558,0.29,0.192,2.6,7.2,5.0,14.9,2.0,0.6,9.5,20.5,0.0,1.6,1.2,2.8,0.137,0.0,0.0,0.4,0.3,0.6,barbole01
30,J.J. Barea,PG,30.0,DAL,77.0,1362.0,15.1,0.502,0.312,0.175,1.8,9.0,5.4,29.5,1.2,0.1,10.8,21.2,0.0,2.1,0.6,2.7,0.096,0.0,0.8,-1.1,-0.3,0.6,bareajo01
31,Andrea Bargnani,C,29.0,NYK,29.0,785.0,16.6,0.527,0.114,0.296,4.6,14.4,9.3,11.3,0.1,2.9,9.3,26.4,0.0,0.8,0.2,0.9,0.058,0.0,1.1,-2.2,-1.1,0.2,bargnan01
32,Harrison Barnes,SF,22.0,GSW,82.0,2318.0,13.4,0.573,0.328,0.229,5.6,15.1,10.5,6.9,1.3,0.6,9.0,14.9,0.0,3.7,3.0,6.7,0.139,0.0,0.2,-0.1,0.1,1.2,barneha02
33,Matt Barnes,SF,34.0,LAC,76.0,2271.0,11.3,0.574,0.603,0.152,2.6,12.2,7.5,7.2,1.5,1.8,11.6,14.9,0.0,2.2,2.1,4.3,0.091,0.0,-0.5,0.2,-0.3,1.0,barnema02
34,Earl Barron,C,33.0,PHO,16.0,143.0,5.0,0.361,0.103,0.308,10.6,10.8,10.7,4.9,1.4,1.1,10.1,15.1,0.0,-0.1,0.1,0.0,-0.011,0.0,-6.6,-0.8,-7.4,-0.2,barroea01
35,Will Barton,SG,24.0,TOT,58.0,983.0,13.6,0.503,0.241,0.266,2.8,15.3,8.9,13.0,2.5,1.5,13.4,20.2,0.0,0.2,1.1,1.3,0.063,0.0,-1.2,1.1,-0.2,0.4,bartowi01
36,Brandon Bass,PF,29.0,BOS,82.0,1929.0,16.3,0.557,0.047,0.313,7.8,14.9,11.3,8.6,1.1,1.3,9.6,19.5,0.0,3.4,1.9,5.3,0.132,0.0,0.5,-0.5,0.0,1.0,bassbr01
37,Nicolas Batum,SF,26.0,POR,71.0,2380.0,13.1,0.516,0.515,0.163,2.8,15.6,9.4,20.5,1.7,1.2,17.0,14.6,0.0,2.0,3.2,5.2,0.105,0.0,0.3,1.8,2.1,2.4,batumni01
38,Jerryd Bayless,PG,26.0,MIL,77.0,1717.0,11.1,0.519,0.233,0.266,1.5,12.5,7.0,21.0,1.8,0.6,18.8,18.6,0.0,0.3,2.0,2.4,0.066,0.0,-2.5,0.4,-2.1,0.0,bayleje01
39,Aron Baynes,C,28.0,SAS,70.0,1122.0,15.9,0.618,0.012,0.318,11.2,20.7,16.1,4.9,0.7,1.5,14.8,17.8,0.0,2.3,1.6,3.9,0.166,0.0,-1.4,-0.4,-1.8,0.1,baynear01
40,Kent Bazemore,SG,25.0,ATL,75.0,1324.0,9.7,0.52,0.399,0.302,1.9,16.8,9.6,8.6,2.0,2.1,16.3,15.5,0.0,-0.4,1.9,1.6,0.057,0.0,-3.2,1.1,-2.1,0.0,bazemke01
41,Bradley Beal,SG,21.0,WAS,63.0,2107.0,14.0,0.521,0.304,0.195,3.1,9.6,6.4,15.0,1.8,0.7,11.7,22.5,0.0,1.3,2.4,3.7,0.085,0.0,-0.1,0.2,0.1,1.1,bealbr01
42,Michael Beasley,PF,26.0,MIA,24.0,505.0,10.6,0.474,0.16,0.123,2.9,17.9,10.6,11.5,1.6,2.2,14.2,24.2,0.0,-0.6,0.5,-0.1,-0.007,0.0,-4.2,-0.3,-4.5,-0.3,beaslmi01
43,Marco Belinelli,SG,28.0,SAS,62.0,1388.0,12.4,0.553,0.489,0.211,2.2,10.5,6.4,10.3,1.1,0.2,10.6,18.8,0.0,1.5,1.4,2.9,0.1,0.0,-0.3,-0.7,-1.0,0.4,belinma01
44,Jerrelle Benimon,PF,23.0,UTA,2.0,3.0,4.7,0.0,0.0,0.0,38.7,76.6,57.8,0.0,0.0,0.0,100.0,15.3,0.0,0.0,0.0,0.0,-0.215,0.0,-9.4,-3.7,-13.0,0.0,benimje01
45,Anthony Bennett,PF,21.0,MIN,57.0,894.0,11.4,0.458,0.077,0.215,6.5,21.6,13.8,8.7,1.5,1.4,10.0,17.8,0.0,-0.1,0.4,0.3,0.017,0.0,-2.5,-1.4,-3.9,-0.4,bennean01
46,Patrick Beverley,PG,26.0,HOU,56.0,1727.0,11.3,0.509,0.607,0.113,4.3,10.8,7.6,17.2,1.7,1.0,12.9,16.1,0.0,1.7,1.8,3.5,0.096,0.0,-0.4,0.5,0.1,0.9,beverpa01
47,Sim Bhullar,C,22.0,SAC,3.0,3.0,44.3,0.5,0.0,0.0,0.0,36.5,18.9,78.5,0.0,26.3,0.0,29.4,0.0,0.0,0.0,0.0,0.389,0.0,14.9,17.5,32.5,0.0,bhullsi01
48,Bismack Biyombo,C,22.0,CHO,64.0,1243.0,15.2,0.578,0.0,0.941,13.7,22.6,18.0,2.0,0.7,6.3,16.5,11.6,0.0,1.8,2.2,4.0,0.156,0.0,-2.4,1.3,-1.1,0.3,biyombi01
49,Tarik Black,C,23.0,TOT,63.0,1196.0,14.7,0.583,0.004,0.432,12.8,21.4,17.0,5.6,0.8,1.6,12.9,13.8,0.0,2.2,0.9,3.1,0.124,0.0,-1.0,-1.1,-2.1,0.0,blackta01
50,DeJuan Blair,PF,25.0,WAS,29.0,180.0,7.7,0.469,0.0,0.105,10.3,24.5,17.5,2.6,2.0,0.4,17.9,18.3,0.0,-0.2,0.3,0.1,0.033,0.0,-7.5,-0.9,-8.4,-0.3,blairde01
51,Steve Blake,PG,34.0,POR,81.0,1529.0,9.5,0.507,0.67,0.125,1.1,8.3,4.8,26.2,1.4,0.2,23.2,13.2,0.0,0.7,1.4,2.1,0.066,0.0,-1.8,0.0,-1.8,0.1,blakest01
52,Eric Bledsoe,PG,25.0,PHO,81.0,2800.0,18.4,0.555,0.26,0.422,2.8,13.9,8.3,27.9,2.3,1.2,18.1,23.7,0.0,4.1,2.9,7.0,0.119,0.0,1.6,0.5,2.1,2.9,bledser01
53,Vander Blue,SG,22.0,LAL,2.0,74.0,4.0,0.342,0.333,0.167,2.9,10.9,6.7,16.8,2.1,0.0,15.7,23.0,0.0,-0.3,0.0,-0.2,-0.156,0.0,-6.5,-3.3,-9.8,-0.1,blueva01
54,Bojan Bogdanović,SF,25.0,BRK,78.0,1854.0,11.6,0.562,0.444,0.184,3.0,9.8,6.4,5.8,0.9,0.4,11.1,17.2,0.0,1.7,0.7,2.4,0.062,0.0,-0.3,-1.4,-1.7,0.1,bogdabo02
55,Andrew Bogut,C,30.0,GSW,67.0,1583.0,15.8,0.565,0.0,0.118,9.9,26.5,18.5,15.4,1.2,5.3,22.1,13.2,0.0,1.9,3.4,5.2,0.159,0.0,-0.9,3.3,2.4,1.8,bogutan01
56,Matt Bonner,PF,34.0,SAS,72.0,935.0,10.1,0.536,0.548,0.161,3.6,10.2,7.0,7.1,0.5,1.0,4.3,12.5,0.0,1.3,0.9,2.1,0.11,0.0,-0.5,-0.2,-0.7,0.3,bonnema01
57,Trevor Booker,PF,27.0,UTA,79.0,1564.0,15.3,0.536,0.181,0.319,10.3,19.0,14.7,9.0,1.5,2.1,14.3,18.1,0.0,1.7,1.9,3.6,0.11,0.0,-0.3,0.1,-0.2,0.7,booketr01
58,Carlos Boozer,PF,33.0,LAL,71.0,1692.0,16.4,0.517,0.0,0.202,7.0,25.2,15.7,10.3,1.2,0.6,10.2,23.7,0.0,1.2,1.0,2.2,0.062,0.0,-0.5,-1.2,-1.7,0.1,boozeca01
59,Chris Bosh*,C,30.0,MIA,44.0,1556.0,19.8,0.548,0.226,0.311,3.6,20.0,12.0,12.0,1.4,1.4,10.1,28.4,0.0,2.1,1.5,3.6,0.111,0.0,2.5,-1.3,1.3,1.3,boshch01
60,Avery Bradley,SG,24.0,BOS,77.0,2428.0,11.5,0.507,0.348,0.099,2.0,8.9,5.4,8.9,1.7,0.5,9.4,21.0,0.0,0.4,2.1,2.5,0.049,0.0,-1.5,-0.6,-2.2,-0.1,bradlav01
61,Elton Brand,C,35.0,ATL,36.0,486.0,9.4,0.457,0.011,0.242,6.8,16.4,11.8,6.4,1.8,4.3,14.6,11.6,0.0,-0.1,0.8,0.7,0.07,0.0,-4.3,1.4,-3.0,-0.1,brandel01
62,Corey Brewer,SF,28.0,TOT,80.0,2087.0,13.9,0.507,0.292,0.281,4.2,11.7,7.9,13.8,2.7,0.7,12.7,21.6,0.0,1.0,2.1,3.1,0.071,0.0,-1.2,0.2,-1.0,0.5,breweco01
63,Aaron Brooks,PG,30.0,CHI,82.0,1885.0,14.4,0.534,0.383,0.213,1.9,7.5,4.8,24.2,1.5,0.6,14.9,25.0,0.0,1.7,1.5,3.3,0.083,0.0,0.3,-1.1,-0.8,0.5,brookaa01
64,Jabari Brown,SG,22.0,LAL,19.0,568.0,11.0,0.547,0.365,0.5,0.6,6.7,3.5,11.0,1.1,0.3,13.4,18.8,0.0,0.4,0.0,0.4,0.033,0.0,-1.9,-2.4,-4.3,-0.3,brownja01
65,Lorenzo Brown,PG,24.0,MIN,29.0,549.0,11.0,0.468,0.23,0.156,2.8,12.0,7.3,24.9,2.6,0.9,18.7,12.9,0.0,0.1,0.2,0.3,0.025,0.0,-2.8,0.3,-2.5,-0.1,brownlo01
66,Markel Brown,SG,23.0,BRK,47.0,781.0,9.1,0.459,0.305,0.271,2.3,13.0,7.7,7.4,2.1,1.2,10.3,15.3,0.0,-0.2,0.7,0.5,0.031,0.0,-3.0,0.4,-2.6,-0.1,brownma02
67,Shannon Brown,SG,29.0,MIA,5.0,89.0,4.4,0.482,0.368,0.211,0.0,1.3,0.7,5.2,2.4,0.0,16.2,13.1,0.0,-0.1,0.0,0.0,-0.016,0.0,-5.5,-1.3,-6.8,-0.1,brownsh01
68,Kobe Bryant*,SG,36.0,LAL,35.0,1207.0,17.6,0.477,0.258,0.338,2.3,16.5,9.1,29.9,2.0,0.5,13.5,34.9,0.0,-0.4,0.6,0.2,0.006,0.0,2.0,-1.7,0.3,0.7,bryanko01
69,Chase Budinger,SF,26.0,MIN,67.0,1286.0,12.2,0.537,0.367,0.208,2.8,15.1,8.8,8.0,1.7,0.6,10.3,16.3,0.0,1.1,0.2,1.3,0.049,0.0,-0.5,-1.3,-1.8,0.0,budinch01
70,Reggie Bullock,SF,23.0,TOT,36.0,338.0,6.2,0.466,0.657,0.129,0.3,16.0,8.3,3.2,1.5,0.9,9.8,10.9,0.0,-0.2,0.3,0.1,0.019,0.0,-3.2,0.0,-3.2,-0.1,bullore01
71,Trey Burke,PG,22.0,UTA,76.0,2288.0,12.6,0.455,0.388,0.144,1.6,8.7,5.2,25.0,1.5,0.5,10.4,23.9,0.0,0.8,1.6,2.4,0.05,0.0,-0.1,-1.3,-1.4,0.3,burketr01
72,Alec Burks,SG,23.0,UTA,27.0,899.0,13.0,0.524,0.227,0.43,2.5,12.1,7.3,15.2,1.0,0.4,12.7,20.8,0.0,1.1,0.6,1.7,0.089,0.0,-0.5,-1.2,-1.7,0.1,burksal01
73,Caron Butler,SF,34.0,DET,78.0,1623.0,9.3,0.544,0.553,0.154,1.4,12.2,6.6,7.3,1.4,0.2,10.4,12.9,0.0,1.3,1.0,2.4,0.07,0.0,-1.9,0.1,-1.7,0.1,butleca01
74,Jimmy Butler,SG,25.0,CHI,65.0,2513.0,21.3,0.583,0.212,0.508,5.1,11.2,8.2,14.4,2.3,1.0,7.7,21.6,0.0,8.2,3.0,11.2,0.214,0.0,3.4,1.2,4.6,4.2,butleji01
75,Rasual Butler,SF,35.0,WAS,75.0,1505.0,11.4,0.531,0.455,0.13,2.1,12.4,7.4,6.5,1.0,1.2,8.1,17.9,0.0,1.0,1.6,2.6,0.084,0.0,-0.5,-0.3,-0.8,0.4,butlera01
76,Dwight Buycks,PG,25.0,LAL,6.0,123.0,13.1,0.586,0.275,0.25,1.7,9.3,5.4,18.4,1.2,0.0,21.3,20.4,0.0,0.1,0.0,0.1,0.027,0.0,-0.2,-2.3,-2.6,0.0,buyckdw01
77,Will Bynum,SG,32.0,WAS,7.0,67.0,4.8,0.336,0.29,0.129,3.4,6.6,5.0,42.2,0.8,1.2,19.6,27.6,0.0,-0.2,0.1,-0.2,-0.132,0.0,-8.2,-4.8,-13.0,-0.2,bynumwi01
78,Bruno Caboclo,SF,19.0,TOR,8.0,23.0,-1.8,0.417,0.25,0.0,5.0,5.0,5.0,0.0,0.0,3.5,25.0,31.5,0.0,-0.1,0.0,-0.1,-0.275,0.0,-11.5,-6.7,-18.2,-0.1,cabocbr01
79,Nick Calathes,SG,25.0,MEM,58.0,838.0,12.3,0.455,0.174,0.182,2.6,11.8,7.2,26.6,3.9,0.5,18.6,17.9,0.0,-0.4,1.5,1.1,0.065,0.0,-3.1,3.2,0.0,0.4,calatni01
80,José Calderón,PG,33.0,NYK,42.0,1270.0,11.3,0.519,0.401,0.09,1.7,9.8,5.6,25.6,1.3,0.0,16.9,16.1,0.0,0.8,0.1,0.9,0.033,0.0,-1.1,-2.0,-3.0,-0.3,caldejo01
81,Kentavious Caldwell-Pope,SG,21.0,DET,82.0,2587.0,11.2,0.501,0.457,0.163,1.9,9.1,5.4,6.8,1.9,0.5,8.3,19.5,0.0,1.1,1.8,2.8,0.052,0.0,-1.3,-0.4,-1.7,0.2,caldwke01
82,Isaiah Canaan,PG,23.0,TOT,47.0,938.0,12.4,0.534,0.651,0.159,2.1,8.3,5.1,18.7,1.5,0.3,13.3,21.6,0.0,0.8,0.7,1.4,0.072,0.0,0.1,-0.9,-0.8,0.3,canaais01
83,Clint Capela,C,20.0,HOU,12.0,90.0,12.1,0.409,0.0,0.793,12.3,31.8,22.1,3.6,0.6,7.8,11.3,21.3,0.0,-0.2,0.2,0.0,0.019,0.0,-5.3,0.0,-5.4,-0.1,capelca01
84,DeMarre Carroll,SF,28.0,ATL,70.0,2189.0,15.9,0.603,0.466,0.277,5.3,13.8,9.7,8.3,2.2,0.7,9.3,16.9,0.0,4.3,2.8,7.0,0.154,0.0,1.2,0.4,1.7,2.0,carrode01
85,Vince Carter,SG,38.0,MEM,66.0,1091.0,9.6,0.445,0.571,0.14,2.8,11.1,7.0,11.1,2.1,1.1,9.1,19.9,0.0,-0.5,1.4,1.0,0.043,0.0,-2.1,0.4,-1.7,0.1,cartevi01
86,Michael Carter-Williams,PG,23.0,TOT,66.0,2149.0,14.1,0.461,0.166,0.317,3.2,15.3,9.0,37.3,2.6,1.1,19.5,26.7,0.0,-2.1,2.9,0.8,0.017,0.0,-1.3,0.3,-1.1,0.5,cartemi01
87,Omri Casspi,SF,26.0,SAC,67.0,1416.0,14.4,0.58,0.204,0.447,4.5,15.9,10.4,11.8,1.1,0.5,14.7,18.7,0.0,2.0,0.6,2.7,0.091,0.0,0.3,-1.1,-0.8,0.4,casspom01
88,Mario Chalmers,PG,28.0,MIA,80.0,2368.0,11.7,0.521,0.374,0.401,1.2,9.0,5.2,21.0,2.7,0.4,18.2,18.9,0.0,0.8,2.0,2.8,0.056,0.0,-2.6,0.1,-2.5,-0.3,chalmma01
89,Tyson Chandler,C,32.0,DAL,75.0,2286.0,20.1,0.697,0.0,0.584,14.1,27.4,20.7,5.3,0.9,3.2,16.0,12.8,0.0,7.2,3.1,10.3,0.216,0.0,2.4,0.2,2.6,2.7,chandty01
90,Wilson Chandler,SF,27.0,DEN,78.0,2471.0,13.2,0.523,0.416,0.146,4.1,17.2,10.4,8.9,1.2,0.9,9.6,20.1,0.0,2.1,1.5,3.6,0.071,0.0,0.2,-0.7,-0.6,0.9,chandwi01
91,Will Cherry,PG,23.0,CLE,8.0,69.0,5.8,0.347,0.474,0.316,1.7,6.6,4.2,16.4,4.5,1.1,15.6,16.8,0.0,-0.1,0.1,0.0,-0.021,0.0,-7.5,1.5,-6.0,-0.1,cherrwi01
92,Patrick Christopher,SG,26.0,UTA,4.0,29.0,-2.6,0.25,0.333,0.0,8.0,15.9,12.0,0.0,1.8,0.0,7.7,20.6,0.0,-0.1,0.0,-0.1,-0.15,0.0,-13.0,-2.0,-15.0,-0.1,chrispa01
93,Earl Clark,PF,27.0,BRK,10.0,93.0,6.7,0.425,0.467,0.133,1.2,26.5,13.9,5.0,1.7,3.5,15.9,18.5,0.0,-0.2,0.1,-0.1,-0.037,0.0,-6.4,-0.1,-6.5,-0.1,clarkea01
94,Ian Clark,SG,23.0,TOT,30.0,192.0,8.8,0.483,0.545,0.164,2.4,7.1,4.8,9.7,2.4,1.2,13.2,16.0,0.0,0.0,0.2,0.2,0.05,0.0,-3.0,0.0,-3.0,0.0,clarkia01
95,Jordan Clarkson,PG,22.0,LAL,59.0,1476.0,16.9,0.528,0.203,0.265,4.0,10.5,7.1,23.8,1.8,0.7,12.6,23.0,0.0,2.0,0.4,2.4,0.078,0.0,1.2,-0.9,0.2,0.8,clarkjo01
96,Victor Claver,SF,26.0,POR,10.0,76.0,9.2,0.6,0.55,0.0,4.3,23.5,14.1,1.9,0.7,0.9,16.7,14.1,0.0,0.0,0.1,0.1,0.086,0.0,-3.5,0.3,-3.2,0.0,clavevi01
97,Norris Cole,PG,26.0,TOT,75.0,1831.0,10.9,0.483,0.315,0.145,0.9,9.3,5.1,22.2,1.6,0.7,14.3,17.5,0.0,0.4,1.0,1.4,0.036,0.0,-2.1,-0.7,-2.8,-0.4,coleno01
98,Darren Collison,PG,27.0,SAC,45.0,1565.0,17.5,0.575,0.293,0.335,1.4,8.7,5.2,27.2,2.2,0.7,15.1,20.9,0.0,3.0,0.8,3.8,0.116,0.0,2.3,-0.2,2.1,1.6,collida01
99,Nick Collison,PF,34.0,OKC,66.0,1101.0,11.2,0.485,0.237,0.257,8.9,15.3,12.2,11.6,1.6,1.8,13.8,12.8,0.0,1.0,1.2,2.2,0.097,0.0,-1.9,0.9,-1.0,0.3,collini01
100,Mike Conley,PG,27.0,MEM,70.0,2225.0,18.6,0.558,0.314,0.282,1.5,9.2,5.4,28.0,2.1,0.5,13.6,23.7,0.0,4.2,2.7,6.8,0.147,0.0,2.6,0.2,2.8,2.7,conlemi01
101,Jack Cooley,C,23.0,UTA,16.0,87.0,11.4,0.432,0.0,0.955,13.3,19.8,16.6,1.8,3.7,2.8,8.8,18.0,0.0,0.0,0.2,0.2,0.092,0.0,-6.6,1.0,-5.7,-0.1,cooleja01
102,Chris Copeland,SF,30.0,IND,50.0,828.0,7.4,0.468,0.539,0.145,3.1,11.7,7.4,9.9,0.7,1.0,15.2,21.3,0.0,-0.9,0.8,-0.1,-0.008,0.0,-2.5,-1.2,-3.7,-0.4,copelch01
103,Bryce Cotton,PG,22.0,UTA,15.0,159.0,14.5,0.52,0.29,0.261,2.2,10.8,6.5,17.0,1.3,0.0,13.5,25.6,0.0,0.1,0.1,0.2,0.067,0.0,-0.6,-1.7,-2.2,0.0,cottobr01
104,DeMarcus Cousins,C,24.0,SAC,59.0,2013.0,25.2,0.545,0.008,0.508,10.8,30.6,21.1,20.4,2.3,4.0,16.3,34.1,0.0,2.8,3.2,6.0,0.144,0.0,2.8,1.5,4.3,3.2,couside01
105,Robert Covington,SF,24.0,PHI,70.0,1956.0,14.7,0.554,0.59,0.287,3.4,14.6,8.8,9.8,2.5,1.3,13.1,21.8,0.0,1.6,2.3,4.0,0.097,0.0,0.3,0.4,0.7,1.3,covinro01
106,Allen Crabbe,SG,22.0,POR,51.0,683.0,8.7,0.525,0.556,0.105,1.1,10.1,5.7,8.1,1.4,1.6,8.6,11.5,0.0,0.5,0.8,1.3,0.088,0.0,-2.4,1.5,-0.8,0.2,crabbal01
107,Jamal Crawford,SG,34.0,LAC,64.0,1703.0,16.6,0.532,0.434,0.3,1.2,6.9,4.1,14.9,1.8,0.7,8.8,27.6,0.0,2.5,1.2,3.6,0.102,0.0,1.9,-1.2,0.7,1.2,crawfja01
108,Jae Crowder,SF,24.0,TOT,82.0,1647.0,13.9,0.517,0.382,0.259,4.7,14.9,9.7,8.6,2.2,1.2,7.5,17.5,0.0,1.9,2.0,3.9,0.113,0.0,-0.2,0.7,0.5,1.0,crowdja01
109,Dante Cunningham,PF,27.0,NOP,66.0,1652.0,8.9,0.473,0.029,0.139,4.8,12.8,8.8,4.4,1.5,1.7,8.9,10.9,0.0,0.5,1.2,1.6,0.047,0.0,-2.8,0.4,-2.5,-0.2,cunnida01
110,Jared Cunningham,SG,23.0,LAC,19.0,89.0,7.3,0.452,0.394,0.394,1.3,9.9,5.7,16.4,1.7,0.0,15.3,23.2,0.0,-0.1,0.1,0.0,-0.023,0.0,-6.1,-2.0,-8.1,-0.1,cunnija01
111,Seth Curry,PG,24.0,PHO,2.0,8.0,-11.4,0.0,0.333,0.0,0.0,27.7,13.7,15.6,0.0,0.0,0.0,16.5,0.0,-0.1,0.0,0.0,-0.298,0.0,-20.1,-3.0,-23.1,0.0,curryse01
112,Stephen Curry,PG,26.0,GSW,80.0,2613.0,28.0,0.638,0.482,0.251,2.4,11.4,7.0,38.6,3.0,0.5,14.3,28.9,0.0,11.5,4.1,15.7,0.288,0.0,8.2,1.7,9.9,7.9,curryst01
113,Samuel Dalembert,C,33.0,NYK,32.0,544.0,11.8,0.461,0.0,0.154,10.9,25.1,17.8,8.6,1.4,6.3,21.9,15.0,0.0,-0.4,0.7,0.3,0.023,0.0,-3.8,0.7,-3.1,-0.1,dalemsa01
114,Troy Daniels,SG,23.0,TOT,47.0,397.0,9.6,0.515,0.715,0.079,2.2,7.2,4.7,9.2,0.8,0.2,10.5,21.3,0.0,0.1,0.1,0.2,0.022,0.0,-0.8,-2.4,-3.2,-0.1,danietr01
115,Gigi Datome,SF,27.0,TOT,21.0,209.0,15.1,0.587,0.449,0.011,1.5,13.9,7.6,7.6,0.5,2.6,9.1,20.7,0.0,0.2,0.2,0.4,0.095,0.0,1.8,-0.6,1.2,0.2,datomlu01
116,Brandon Davies,PF,23.0,TOT,27.0,423.0,10.5,0.463,0.248,0.27,9.4,12.1,10.7,12.4,2.1,1.3,15.9,18.9,0.0,-0.2,0.4,0.2,0.028,0.0,-3.9,-0.6,-4.5,-0.3,daviebr01
117,Anthony Davis,PF,21.0,NOP,68.0,2455.0,30.8,0.591,0.01,0.384,8.0,24.1,16.1,11.6,2.1,6.2,6.3,27.8,0.0,9.9,4.2,14.0,0.274,0.0,6.6,2.3,8.9,6.7,davisan02
118,Ed Davis,PF,25.0,LAL,79.0,1840.0,20.0,0.594,0.0,0.403,13.3,23.1,18.0,8.3,1.4,4.3,9.5,14.8,0.0,4.6,1.6,6.3,0.164,0.0,1.4,0.1,1.5,1.6,davised01
119,Glen Davis,PF,29.0,LAC,74.0,904.0,10.8,0.495,0.016,0.373,5.5,15.4,10.5,6.3,2.3,1.9,11.6,16.7,0.0,0.2,1.1,1.4,0.072,0.0,-3.9,0.8,-3.1,-0.3,davisgl01
120,Andre Dawkins,SG,23.0,MIA,4.0,22.0,-5.0,0.25,1.0,0.0,0.0,10.7,5.5,6.6,0.0,0.0,14.3,15.0,0.0,-0.1,0.0,-0.1,-0.172,0.0,-9.0,-3.8,-12.8,-0.1,dawkian01
121,Austin Daye,SF,26.0,TOT,34.0,344.0,8.2,0.449,0.504,0.043,3.4,21.0,12.4,7.5,1.8,1.1,13.8,22.1,0.0,-0.6,0.5,0.0,-0.001,0.0,-3.9,-0.3,-4.2,-0.2,dayeau01
122,Dewayne Dedmon,C,25.0,ORL,59.0,845.0,13.3,0.568,0.006,0.395,15.5,24.1,19.7,1.6,1.0,4.8,21.1,13.0,0.0,0.7,1.0,1.7,0.099,0.0,-3.3,-0.2,-3.5,-0.3,dedmode01
123,Matthew Dellavedova,SG,24.0,CLE,67.0,1380.0,8.5,0.493,0.544,0.124,3.1,7.3,5.2,21.1,0.9,0.1,15.9,12.6,0.0,1.4,0.5,1.9,0.067,0.0,-2.0,-0.8,-2.8,-0.3,dellama01
124,Luol Deng,SF,29.0,MIA,72.0,2421.0,15.5,0.561,0.28,0.319,5.2,13.3,9.3,9.9,1.4,0.8,10.7,19.5,0.0,3.7,1.6,5.4,0.106,0.0,1.1,-1.1,0.0,1.2,denglu01
125,DeMar DeRozan,SG,25.0,TOR,60.0,2100.0,17.4,0.51,0.089,0.438,2.3,12.9,7.6,17.0,1.8,0.4,10.4,28.4,0.0,2.6,1.4,4.0,0.09,0.0,0.5,-1.4,-0.9,0.6,derozde01
126,Boris Diaw,PF,32.0,SAS,81.0,1984.0,12.7,0.526,0.267,0.147,4.5,15.2,10.0,17.9,0.9,0.9,15.8,18.3,0.0,1.3,2.3,3.6,0.088,0.0,-0.6,0.2,-0.4,0.8,diawbo01
127,Gorgui Dieng,C,25.0,MIN,73.0,2193.0,17.2,0.573,0.012,0.477,11.3,20.8,15.9,10.5,1.6,4.5,16.9,15.0,0.0,3.4,1.5,4.9,0.108,0.0,-0.1,0.3,0.2,1.2,dienggo01
128,Spencer Dinwiddie,PG,21.0,DET,34.0,455.0,10.2,0.394,0.385,0.201,0.9,10.9,5.7,34.9,2.2,1.0,15.2,21.1,0.0,-0.3,0.4,0.1,0.009,0.0,-3.0,0.2,-2.8,-0.1,dinwisp01
129,Joey Dorsey,PF,31.0,HOU,69.0,854.0,11.1,0.507,0.007,0.572,13.3,22.7,18.0,4.4,2.3,2.3,18.4,11.3,0.0,0.4,1.5,1.9,0.108,0.0,-3.8,0.7,-3.1,-0.2,dorsejo01
130,Toney Douglas,SG,28.0,NOP,12.0,177.0,11.2,0.45,0.353,0.255,1.3,12.8,7.1,20.0,3.3,1.7,15.0,17.2,0.0,0.0,0.2,0.2,0.046,0.0,-3.5,1.7,-1.7,0.0,douglto01
131,Chris Douglas-Roberts,SG,28.0,LAC,12.0,103.0,3.3,0.387,0.333,0.381,1.1,11.8,6.6,5.0,0.5,0.0,0.0,10.7,0.0,0.0,0.1,0.0,0.02,0.0,-5.6,-1.2,-6.8,-0.1,douglch01
132,Goran Dragić,SG-PG,28.0,TOT,78.0,2640.0,17.4,0.577,0.258,0.234,3.5,8.2,5.9,22.8,1.5,0.5,13.5,21.8,0.0,5.4,1.4,6.8,0.123,0.0,1.6,-0.8,0.8,1.8,dragigo01
133,Zoran Dragić,SG,25.0,TOT,16.0,75.0,8.2,0.435,0.467,0.167,7.8,4.6,6.2,11.2,1.4,0.0,13.4,22.9,0.0,-0.1,0.0,-0.1,-0.042,0.0,-4.1,-3.6,-7.7,-0.1,dragizo01
134,Larry Drew II,PG,24.0,PHI,12.0,219.0,4.5,0.388,0.448,0.052,0.5,7.3,3.7,33.9,1.4,0.0,29.6,16.8,0.0,-0.5,0.1,-0.4,-0.087,0.0,-7.1,-2.8,-9.9,-0.4,drewla02
135,Andre Drummond,C,21.0,DET,82.0,2502.0,21.4,0.504,0.002,0.38,18.3,30.1,24.0,3.9,1.5,4.8,9.7,22.0,0.0,3.4,4.3,7.7,0.147,0.0,0.6,-0.7,-0.1,1.2,drumman01
136,Jared Dudley,SG,29.0,MIL,72.0,1717.0,12.3,0.572,0.454,0.158,3.0,11.6,7.3,11.5,2.1,0.5,12.1,13.5,0.0,2.0,2.1,4.1,0.116,0.0,-0.5,1.0,0.6,1.1,dudleja01
137,Tim Duncan*,C,38.0,SAS,77.0,2227.0,22.6,0.56,0.009,0.38,8.8,26.7,17.9,16.8,1.4,5.1,12.1,22.2,0.0,4.9,4.7,9.6,0.207,0.0,2.3,2.8,5.1,4.0,duncati01
138,Mike Dunleavy,SF,34.0,CHI,63.0,1838.0,11.6,0.573,0.547,0.181,1.7,12.7,7.3,9.7,1.1,0.8,10.4,14.2,0.0,2.4,1.7,4.1,0.108,0.0,-0.3,0.2,0.0,0.9,dunlemi02
139,Kevin Durant,SF,26.0,OKC,27.0,913.0,27.6,0.633,0.34,0.366,1.9,18.7,10.4,22.2,1.3,2.2,12.0,29.1,0.0,3.8,1.0,4.8,0.252,0.0,8.6,1.4,10.0,2.8,duranke01
140,Cleanthony Early,SF,23.0,NYK,39.0,647.0,8.4,0.447,0.393,0.224,3.8,13.8,8.7,9.1,2.0,1.5,14.5,19.6,0.0,-0.8,0.4,-0.4,-0.03,0.0,-3.7,-1.5,-5.2,-0.5,earlycl01
141,Wayne Ellington,SG,27.0,LAL,65.0,1675.0,11.6,0.504,0.394,0.104,2.0,12.3,6.9,10.2,1.0,0.1,7.2,18.5,0.0,1.1,0.1,1.2,0.034,0.0,-0.5,-1.8,-2.3,-0.1,ellinwa01
142,Monta Ellis,SG,29.0,DAL,80.0,2699.0,16.5,0.509,0.21,0.224,1.4,6.4,3.9,20.5,2.8,0.8,11.7,27.9,0.0,1.4,2.2,3.6,0.065,0.0,0.0,-0.1,-0.1,1.3,ellismo01
143,James Ennis III,SF,24.0,MIA,62.0,1051.0,11.5,0.541,0.385,0.381,6.0,14.0,10.1,7.2,1.3,1.4,11.9,14.6,0.0,1.2,0.8,1.9,0.088,0.0,-1.0,-0.5,-1.5,0.1,ennisja01
144,Tyler Ennis,PG,20.0,TOT,33.0,411.0,7.3,0.411,0.299,0.049,1.9,7.7,4.8,27.3,2.2,1.0,22.2,20.6,0.0,-0.8,0.5,-0.3,-0.04,0.0,-4.1,-0.2,-4.3,-0.2,ennisty01
145,Jeremy Evans,SF,27.0,UTA,38.0,266.0,20.5,0.636,0.086,0.5,11.3,19.4,15.4,7.9,2.2,3.6,6.6,13.1,0.0,0.9,0.4,1.3,0.241,0.0,2.0,2.1,4.2,0.4,evansje01
146,Reggie Evans,PF,34.0,SAC,47.0,764.0,11.7,0.49,0.015,0.708,14.9,29.0,22.2,6.1,1.4,0.5,20.0,13.0,0.0,0.4,0.8,1.2,0.074,0.0,-1.6,-0.8,-2.4,-0.1,evansre01
147,Tyreke Evans,SG,25.0,NOP,79.0,2690.0,17.7,0.508,0.195,0.25,3.5,14.1,8.8,32.7,2.0,1.0,16.0,26.1,0.0,2.4,2.2,4.6,0.082,0.0,1.4,-0.2,1.2,2.2,evansty01
148,Dante Exum,PG,19.0,UTA,82.0,1817.0,5.7,0.457,0.635,0.077,1.7,6.6,4.2,16.6,1.2,0.6,21.5,13.8,0.0,-1.1,1.0,-0.1,-0.003,0.0,-3.6,-0.7,-4.3,-1.1,exumda01
149,Festus Ezeli,C,25.0,GSW,46.0,504.0,16.2,0.58,0.0,0.561,13.3,19.7,16.6,2.5,0.7,6.2,15.6,17.7,0.0,0.8,0.9,1.7,0.159,0.0,-2.2,0.3,-1.8,0.0,ezelife01
150,Kenneth Faried,PF,25.0,DEN,75.0,2086.0,18.4,0.548,0.011,0.391,12.1,22.9,17.3,7.1,1.5,2.1,12.0,20.3,0.0,3.5,2.1,5.6,0.13,0.0,0.6,-0.7,-0.1,1.0,farieke01
151,Jordan Farmar,PG,28.0,LAC,36.0,529.0,9.9,0.513,0.614,0.07,1.7,7.1,4.5,18.0,1.9,0.8,16.4,16.6,0.0,0.2,0.4,0.6,0.053,0.0,-1.2,-0.1,-1.4,0.1,farmajo01
152,Derrick Favors,PF,23.0,UTA,74.0,2280.0,21.8,0.558,0.007,0.362,10.0,20.7,15.4,9.4,1.4,4.3,10.2,23.8,0.0,5.0,3.3,8.3,0.175,0.0,1.9,0.6,2.5,2.6,favorde01
153,Raymond Felton,PG,30.0,DAL,29.0,281.0,12.4,0.48,0.321,0.142,0.8,9.4,5.1,21.9,2.0,1.2,13.8,20.7,0.0,0.0,0.2,0.2,0.039,0.0,-1.3,-0.2,-1.4,0.0,feltora01
154,Landry Fields,SF,26.0,TOR,26.0,216.0,10.8,0.527,0.049,0.146,5.3,8.5,6.9,10.1,2.6,0.0,15.5,10.8,0.0,0.2,0.1,0.3,0.072,0.0,-1.4,1.2,-0.1,0.1,fieldla01
155,Evan Fournier,SG,22.0,ORL,58.0,1661.0,12.4,0.546,0.391,0.256,1.9,8.7,5.2,11.5,1.2,0.1,11.4,19.7,0.0,1.5,0.6,2.1,0.059,0.0,-0.5,-1.3,-1.8,0.1,fournev01
156,Randy Foye,SG,31.0,DEN,50.0,1087.0,11.0,0.51,0.654,0.137,0.9,7.8,4.2,17.0,1.6,0.8,12.3,19.3,0.0,0.6,0.4,1.0,0.045,0.0,-0.3,-0.9,-1.2,0.2,foyera01
157,Jamaal Franklin,SG,23.0,DEN,3.0,13.0,4.9,0.75,1.0,0.0,8.0,8.6,8.3,32.8,0.0,6.0,60.0,16.6,0.0,0.0,0.0,0.0,-0.063,0.0,-3.8,-1.8,-5.6,0.0,frankja01
158,Tim Frazier,PG,24.0,TOT,11.0,239.0,8.1,0.406,0.279,0.344,2.6,10.2,6.3,39.4,1.7,0.0,26.2,17.5,0.0,-0.3,0.2,-0.1,-0.017,0.0,-4.5,-0.7,-5.2,-0.2,fraziti01
159,Jimmer Fredette,PG,25.0,NOP,50.0,509.0,9.8,0.479,0.289,0.271,1.8,7.1,4.5,17.2,1.5,0.3,15.1,19.6,0.0,0.0,0.2,0.2,0.021,0.0,-3.6,-1.2,-4.7,-0.4,fredeji01
160,Enes Freedom,C,22.0,TOT,75.0,2135.0,20.3,0.564,0.048,0.252,14.6,20.5,17.6,4.8,0.9,1.1,12.3,24.7,0.0,4.3,2.1,6.4,0.145,0.0,1.6,-2.5,-0.9,0.6,kanteen01
161,Joel Freeland,C,27.0,POR,48.0,617.0,12.2,0.522,0.0,0.166,11.0,21.9,16.6,3.8,0.7,2.7,12.4,13.4,0.0,0.6,0.9,1.6,0.122,0.0,-3.0,0.4,-2.6,-0.1,freeljo01
162,Channing Frye,PF,31.0,ORL,75.0,1870.0,9.5,0.546,0.71,0.072,1.6,16.4,8.9,7.4,1.3,1.7,13.4,14.1,0.0,0.7,1.4,2.1,0.053,0.0,-1.5,-0.1,-1.5,0.2,fryech01
163,Danilo Gallinari,SF,26.0,DEN,59.0,1426.0,16.8,0.563,0.53,0.336,2.3,14.7,8.3,9.4,1.6,1.1,8.0,21.5,0.0,3.0,1.0,3.9,0.132,0.0,2.6,-0.2,2.4,1.6,gallida01
164,Langston Galloway,PG,23.0,NYK,45.0,1457.0,12.3,0.489,0.344,0.153,2.9,12.5,7.5,17.6,1.9,0.7,10.1,19.2,0.0,0.7,0.6,1.3,0.043,0.0,-1.5,-0.9,-2.3,-0.1,gallola01
165,Francisco García,SF,33.0,HOU,14.0,200.0,3.6,0.347,0.714,0.063,1.7,7.7,4.7,11.0,2.2,1.9,13.4,16.2,0.0,-0.4,0.2,-0.2,-0.044,0.0,-4.9,0.7,-4.2,-0.1,garcifr01
166,Kevin Garnett*,PF,38.0,TOT,47.0,952.0,15.2,0.496,0.023,0.147,5.7,31.1,18.3,13.1,2.5,1.4,12.4,17.8,0.0,0.4,1.5,1.9,0.096,0.0,-1.2,1.9,0.7,0.7,garneke01
167,Marc Gasol,C,30.0,MEM,81.0,2687.0,21.7,0.558,0.016,0.41,4.9,21.8,13.4,19.7,1.4,4.0,12.2,24.6,0.0,5.5,4.7,10.2,0.182,0.0,2.7,2.4,5.1,4.8,gasolma01
168,Pau Gasol,PF,34.0,CHI,78.0,2681.0,22.7,0.55,0.023,0.317,9.2,27.6,18.6,14.4,0.5,4.0,10.7,24.7,0.0,6.0,4.4,10.4,0.187,0.0,2.9,0.6,3.5,3.7,gasolpa01
169,Rudy Gay,SF,28.0,SAC,68.0,2408.0,19.7,0.556,0.197,0.352,4.8,13.7,9.4,19.0,1.5,1.3,12.4,27.0,0.0,4.8,1.3,6.1,0.122,0.0,3.4,-0.7,2.7,2.9,gayru01
170,Alonzo Gee,SF,27.0,TOT,54.0,662.0,13.0,0.548,0.188,0.414,5.9,9.5,7.7,5.8,2.7,0.8,13.0,16.7,0.0,0.6,0.6,1.2,0.086,0.0,-1.3,0.7,-0.6,0.2,geeal01
171,Paul George,SF,24.0,IND,6.0,91.0,13.0,0.492,0.449,0.224,4.9,21.7,13.4,11.8,2.8,0.9,18.2,32.8,0.0,-0.2,0.2,0.0,-0.008,0.0,-2.3,0.1,-2.2,0.0,georgpa01
172,Taj Gibson,PF,29.0,CHI,62.0,1692.0,16.1,0.545,0.0,0.364,10.7,14.6,12.7,6.9,1.1,3.2,11.6,17.6,0.0,2.7,2.1,4.8,0.137,0.0,-0.5,0.1,-0.4,0.7,gibsota01
173,Manu Ginóbili*,SG,37.0,SAS,70.0,1587.0,16.2,0.544,0.438,0.346,2.0,12.8,7.5,28.6,2.2,0.9,18.5,23.9,0.0,1.4,2.3,3.7,0.111,0.0,0.9,0.9,1.7,1.5,ginobma01
174,Rudy Gobert,C,22.0,UTA,82.0,2158.0,21.6,0.627,0.005,0.639,14.3,27.2,20.7,8.2,1.6,7.0,16.9,14.0,0.0,5.0,4.3,9.3,0.206,0.0,1.7,2.5,4.2,3.4,goberru01
175,Drew Gooden,PF,33.0,WAS,51.0,864.0,11.9,0.469,0.214,0.159,9.6,19.3,14.5,8.6,1.2,0.8,8.7,17.0,0.0,0.5,1.2,1.7,0.094,0.0,-1.5,0.1,-1.4,0.1,goodedr01
176,Archie Goodwin,SG,20.0,PHO,41.0,535.0,11.2,0.486,0.204,0.413,5.5,9.7,7.6,12.6,1.7,1.3,16.8,23.4,0.0,-0.2,0.4,0.2,0.014,0.0,-2.8,-0.6,-3.4,-0.2,goodwar01
177,Aaron Gordon,PF,19.0,ORL,47.0,797.0,11.4,0.517,0.231,0.293,6.4,17.8,12.0,6.3,1.3,2.2,13.9,15.5,0.0,0.3,0.7,1.0,0.06,0.0,-2.6,-0.1,-2.7,-0.2,gordoaa01
178,Ben Gordon,SG,31.0,ORL,56.0,790.0,10.6,0.538,0.329,0.227,0.8,8.3,4.5,10.3,0.9,0.1,14.5,21.8,0.0,0.1,0.2,0.3,0.015,0.0,-2.0,-2.2,-4.2,-0.4,gordobe01
179,Drew Gordon,PF,24.0,PHI,9.0,71.0,3.7,0.428,0.158,0.105,10.2,17.7,13.7,4.8,0.7,0.0,28.7,17.1,0.0,-0.2,0.1,-0.1,-0.093,0.0,-7.1,-2.4,-9.5,-0.1,gordodr01
180,Eric Gordon,SG,26.0,NOP,61.0,2018.0,12.7,0.544,0.454,0.192,1.6,7.4,4.5,17.6,1.3,0.5,14.0,19.8,0.0,2.2,0.7,2.9,0.069,0.0,0.2,-1.2,-1.0,0.5,gordoer01
181,Marcin Gortat,C,30.0,WAS,82.0,2453.0,18.2,0.587,0.004,0.226,8.5,24.1,16.5,6.5,1.0,3.6,10.5,17.6,0.0,4.4,4.2,8.6,0.168,0.0,0.6,0.9,1.5,2.1,gortama01
182,Danny Granger,SF,31.0,MIA,30.0,613.0,8.6,0.527,0.519,0.228,4.0,11.5,7.8,4.4,1.1,0.8,11.9,15.5,0.0,0.2,0.3,0.6,0.046,0.0,-2.5,-1.3,-3.9,-0.3,grangda01
183,Jerami Grant,SF,20.0,PHI,65.0,1377.0,8.7,0.47,0.443,0.548,3.7,12.3,7.8,9.4,1.5,4.0,16.3,16.5,0.0,-0.9,1.4,0.5,0.019,0.0,-3.9,0.6,-3.3,-0.5,grantje01
184,Danny Green,SG,27.0,SAS,81.0,2312.0,16.5,0.596,0.619,0.172,2.7,13.9,8.4,10.3,2.2,2.8,10.5,17.5,0.0,4.0,3.9,7.8,0.163,0.0,2.6,2.0,4.6,3.8,greenda02
185,Draymond Green,PF,24.0,GSW,79.0,2490.0,16.4,0.54,0.43,0.261,5.1,22.4,14.0,16.1,2.4,2.9,13.5,17.2,0.0,3.3,5.2,8.5,0.163,0.0,0.7,2.8,3.5,3.5,greendr01
186,Erick Green,PG,23.0,DEN,43.0,410.0,8.9,0.436,0.29,0.074,1.8,6.6,4.1,15.1,1.5,0.0,7.7,19.1,0.0,-0.1,0.1,0.0,0.0,0.0,-3.0,-1.3,-4.3,-0.2,greener01
187,Gerald Green,SG,29.0,PHO,74.0,1446.0,15.4,0.532,0.497,0.154,2.5,11.7,7.0,10.9,1.4,0.6,11.1,28.4,0.0,1.0,1.0,1.9,0.065,0.0,1.2,-1.5,-0.3,0.6,greenge01
188,JaMychal Green,PF,24.0,TOT,24.0,164.0,14.9,0.603,0.128,0.213,13.3,18.0,15.7,4.0,1.6,2.4,21.4,18.3,0.0,0.1,0.3,0.4,0.119,0.0,-1.9,0.6,-1.3,0.0,greenja01
189,Jeff Green,SF,28.0,TOT,78.0,2454.0,14.4,0.534,0.302,0.297,2.9,12.1,7.5,8.8,1.1,1.1,9.0,21.9,0.0,2.7,2.4,5.2,0.101,0.0,0.5,-0.7,-0.2,1.2,greenje02
190,Willie Green,SG,33.0,ORL,52.0,951.0,7.9,0.477,0.395,0.111,1.6,7.9,4.7,10.9,1.4,0.4,13.0,17.6,0.0,-0.4,0.4,-0.1,-0.003,0.0,-3.2,-1.0,-4.2,-0.5,greenwi01
191,Blake Griffin,PF,25.0,LAC,67.0,2356.0,22.8,0.551,0.022,0.373,6.1,17.9,12.1,26.2,1.4,1.2,10.2,28.4,0.0,6.6,2.4,9.0,0.183,0.0,3.8,0.2,4.0,3.6,griffbl01
192,Jorge Gutiérrez,PG,26.0,TOT,20.0,175.0,11.0,0.567,0.073,0.317,3.3,12.9,8.1,19.6,1.8,0.0,20.4,15.2,0.0,0.1,0.2,0.3,0.088,0.0,-4.5,1.0,-3.5,-0.1,gutiejo01
193,P.J. Hairston,SG,22.0,CHO,45.0,687.0,8.9,0.446,0.606,0.134,3.4,11.5,7.4,5.1,1.6,1.5,7.2,20.4,0.0,-0.5,0.8,0.3,0.022,0.0,-2.6,-0.2,-2.9,-0.1,hairspj02
194,Jordan Hamilton,SF,24.0,LAC,14.0,122.0,8.3,0.543,0.6,0.0,1.9,12.7,7.4,8.2,0.8,0.0,10.3,14.4,0.0,0.1,0.1,0.1,0.059,0.0,-1.7,-0.7,-2.4,0.0,hamiljo02
195,Justin Hamilton,C,24.0,TOT,41.0,712.0,14.6,0.551,0.174,0.264,9.3,12.7,11.0,8.1,2.0,3.4,11.6,14.2,0.0,1.0,0.5,1.5,0.102,0.0,-0.5,-0.4,-0.8,0.2,hamilju01
196,Tyler Hansbrough,PF,29.0,TOR,74.0,1058.0,13.3,0.597,0.042,0.842,11.6,17.3,14.4,2.8,1.5,1.1,8.1,10.5,0.0,2.6,0.9,3.4,0.156,0.0,-0.7,-0.6,-1.3,0.2,hansbty01
197,Tim Hardaway Jr.,SG,22.0,NYK,70.0,1681.0,12.1,0.512,0.494,0.218,0.8,10.2,5.4,13.5,0.6,0.7,9.5,23.8,0.0,0.8,0.0,0.8,0.023,0.0,0.2,-3.0,-2.8,-0.3,hardati02
198,James Harden,SG,25.0,HOU,81.0,2981.0,26.7,0.605,0.378,0.561,2.8,14.2,8.5,34.6,2.6,1.6,14.9,31.3,0.0,12.2,4.2,16.4,0.265,0.0,7.0,1.8,8.8,8.1,hardeja01
199,Maurice Harkless,SF,21.0,ORL,45.0,674.0,8.4,0.449,0.354,0.259,6.3,11.6,8.9,5.4,2.4,1.1,13.3,13.7,0.0,-0.3,0.6,0.3,0.021,0.0,-3.8,0.2,-3.6,-0.3,harklma01
200,Devin Harris,PG,31.0,DAL,76.0,1685.0,14.8,0.559,0.508,0.309,0.8,8.0,4.4,20.4,2.3,0.7,12.5,18.0,0.0,2.9,1.3,4.2,0.12,0.0,0.6,0.8,1.4,1.4,harride01
201,Gary Harris,SG,20.0,DEN,55.0,719.0,4.9,0.395,0.475,0.217,3.0,6.7,4.8,5.9,2.7,0.8,13.8,16.6,0.0,-1.2,0.5,-0.7,-0.046,0.0,-5.6,0.3,-5.3,-0.6,harriga01
202,Joe Harris,SG,23.0,CLE,51.0,493.0,5.6,0.537,0.7,0.125,1.7,7.8,4.8,7.7,0.7,0.3,17.6,14.1,0.0,0.0,0.2,0.2,0.018,0.0,-4.0,-1.6,-5.6,-0.4,harrijo01
203,Tobias Harris,SF,22.0,ORL,68.0,2369.0,16.7,0.551,0.252,0.258,3.4,17.3,10.3,8.8,1.5,1.2,9.8,22.5,0.0,3.0,1.8,4.8,0.098,0.0,1.1,-0.6,0.5,1.5,harrito02
204,Udonis Haslem,PF,34.0,MIA,62.0,995.0,10.6,0.488,0.042,0.268,8.8,22.1,15.6,7.4,1.1,1.1,13.3,14.6,0.0,0.4,1.0,1.4,0.066,0.0,-3.0,-0.8,-3.7,-0.4,hasleud01
205,Spencer Hawes,PF,26.0,LAC,73.0,1274.0,9.8,0.478,0.424,0.164,2.7,19.7,11.4,10.0,1.0,3.4,12.1,17.9,0.0,-0.3,1.5,1.2,0.044,0.0,-3.0,0.7,-2.3,-0.1,hawessp01
206,Chuck Hayes,C,31.0,TOR,29.0,255.0,10.4,0.492,0.0,0.239,8.1,14.9,11.5,11.3,2.0,1.3,13.6,10.4,0.0,0.3,0.2,0.5,0.091,0.0,-2.1,1.0,-1.0,0.1,hayesch01
207,Gordon Hayward,SF,24.0,UTA,76.0,2618.0,20.2,0.567,0.304,0.425,2.4,14.0,8.2,21.7,2.2,0.9,13.8,26.2,0.0,5.8,2.9,8.7,0.159,0.0,3.5,0.5,4.0,4.0,haywago01
208,Brendan Haywood,C,35.0,CLE,22.0,119.0,9.1,0.49,0.0,0.433,5.9,21.9,14.0,2.5,0.9,6.6,21.9,17.3,0.0,-0.2,0.2,0.0,0.008,0.0,-7.0,0.7,-6.3,-0.1,haywobr01
209,Gerald Henderson,SG,27.0,CHO,80.0,2315.0,13.2,0.514,0.161,0.256,1.7,11.6,6.5,15.6,1.1,0.7,10.5,20.7,0.0,1.3,2.3,3.6,0.074,0.0,-1.3,0.0,-1.4,0.4,hendege02
210,Xavier Henry,SF,23.0,LAL,9.0,86.0,4.9,0.424,0.0,1.846,2.5,2.7,2.6,4.8,1.8,0.0,11.3,13.7,0.0,-0.1,0.0,-0.1,-0.03,0.0,-4.9,-2.3,-7.2,-0.1,henryxa01
211,John Henson,C,24.0,MIL,67.0,1228.0,18.0,0.578,0.0,0.396,11.7,17.4,14.5,7.8,1.2,9.3,17.6,18.1,0.0,1.3,2.4,3.6,0.142,0.0,-1.5,2.2,0.7,0.8,hensojo01
212,Roy Hibbert,C,28.0,IND,76.0,1926.0,15.4,0.501,0.003,0.287,9.0,21.9,15.5,7.4,0.5,5.1,11.8,21.3,0.0,1.0,3.2,4.2,0.105,0.0,-1.8,0.6,-1.2,0.4,hibbero01
213,J.J. Hickson,C,26.0,DEN,73.0,1411.0,14.3,0.504,0.004,0.438,11.1,24.0,17.3,6.5,1.3,1.9,14.9,19.7,0.0,0.5,1.4,1.8,0.062,0.0,-1.6,-1.1,-2.7,-0.2,hicksjj01
214,Nenê,PF,32.0,WAS,67.0,1693.0,14.3,0.534,0.008,0.336,5.7,17.0,11.5,12.0,2.0,1.0,15.2,21.8,0.0,0.5,2.5,3.0,0.086,0.0,-1.7,0.9,-0.8,0.5,hilarne01
215,George Hill,PG,28.0,IND,43.0,1267.0,21.5,0.579,0.361,0.267,2.2,13.3,7.8,31.4,1.8,0.9,10.3,23.8,0.0,3.7,1.6,5.4,0.203,0.0,4.1,1.2,5.3,2.3,hillge01
216,Jordan Hill,C,27.0,LAL,70.0,1874.0,16.2,0.494,0.014,0.216,9.9,23.4,16.4,9.5,0.9,2.3,11.1,22.7,0.0,1.1,1.1,2.2,0.055,0.0,-0.6,-1.6,-2.2,-0.1,hilljo01
217,Solomon Hill,SF,23.0,IND,82.0,2381.0,10.2,0.507,0.328,0.304,3.3,11.2,7.3,11.9,1.4,0.6,13.8,15.9,0.0,0.9,2.6,3.5,0.072,0.0,-2.0,0.5,-1.5,0.3,hillso01
218,Kirk Hinrich,SG,34.0,CHI,66.0,1610.0,6.8,0.468,0.441,0.131,1.4,6.6,4.1,13.8,1.5,0.6,15.3,13.3,0.0,-0.3,1.3,1.0,0.03,0.0,-3.8,0.0,-3.8,-0.7,hinriki01
219,Jrue Holiday,PG,24.0,NOP,40.0,1303.0,18.8,0.522,0.253,0.142,2.8,9.0,5.9,34.9,2.5,1.3,13.8,23.1,0.0,2.3,1.1,3.4,0.124,0.0,2.5,0.3,2.8,1.6,holidjr01
220,Justin Holiday,SG,25.0,GSW,59.0,657.0,12.1,0.498,0.464,0.191,2.0,9.7,6.0,10.1,3.0,1.4,10.2,18.8,0.0,0.2,1.0,1.3,0.092,0.0,-2.4,1.0,-1.4,0.1,holidju01
221,Ryan Hollins,C,30.0,SAC,46.0,441.0,13.1,0.648,0.0,0.659,9.6,16.6,13.2,5.0,0.7,3.4,19.1,13.1,0.0,0.7,0.3,1.0,0.104,0.0,-2.1,-0.1,-2.3,0.0,holliry01
222,Rodney Hood,SG,22.0,UTA,50.0,1064.0,12.3,0.529,0.455,0.214,1.0,11.7,6.4,13.2,1.5,0.9,9.9,19.6,0.0,1.3,0.9,2.2,0.098,0.0,-1.0,0.3,-0.7,0.3,hoodro01
223,Al Horford,C,28.0,ATL,76.0,2318.0,21.4,0.563,0.037,0.146,6.7,19.8,13.4,18.6,1.5,3.5,8.9,22.2,0.0,5.1,3.6,8.7,0.179,0.0,2.6,1.5,4.1,3.6,horfoal01
224,Dwight Howard,C,29.0,HOU,41.0,1223.0,19.2,0.596,0.005,0.641,10.0,28.9,19.5,7.3,1.1,3.4,17.5,23.3,0.0,1.4,2.2,3.6,0.14,0.0,-0.3,-0.1,-0.4,0.5,howardw01
225,Lester Hudson,SG,30.0,LAC,5.0,56.0,16.0,0.571,0.429,0.286,2.1,13.8,8.0,12.6,5.4,1.5,16.0,15.1,0.0,0.1,0.1,0.2,0.141,0.0,-0.7,4.8,4.1,0.1,hudsole01
226,Robbie Hummel,SF,25.0,MIN,45.0,742.0,9.7,0.536,0.297,0.169,4.6,16.4,10.3,5.6,1.1,1.0,8.9,12.1,0.0,0.7,0.1,0.8,0.05,0.0,-2.7,-1.4,-4.1,-0.4,hummero01
227,Kris Humphries,PF,29.0,WAS,64.0,1345.0,15.4,0.512,0.016,0.262,10.1,24.4,17.4,6.7,1.3,1.5,8.5,18.3,0.0,1.6,2.1,3.8,0.134,0.0,-1.0,0.0,-1.0,0.3,humphkr01
228,Serge Ibaka,PF,25.0,OKC,64.0,2116.0,16.6,0.549,0.261,0.14,7.0,18.1,12.6,4.2,0.7,5.8,10.4,18.9,0.0,2.9,2.7,5.6,0.127,0.0,0.5,0.4,0.9,1.6,ibakase01
229,Andre Iguodala,SF,31.0,GSW,77.0,2069.0,12.3,0.553,0.427,0.23,2.4,10.8,6.7,14.6,2.1,0.9,13.9,13.3,0.0,2.3,2.8,5.1,0.117,0.0,-0.4,1.4,0.9,1.5,iguodan01
230,Ersan İlyasova,PF,27.0,MIL,58.0,1319.0,16.8,0.554,0.341,0.192,7.0,17.0,12.0,7.4,1.4,1.2,6.9,22.1,0.0,2.3,1.7,4.0,0.146,0.0,1.6,-0.5,1.1,1.0,ilyaser01
231,Joe Ingles,SF,27.0,UTA,79.0,1673.0,9.6,0.533,0.571,0.113,1.5,10.5,6.0,16.8,2.3,0.5,20.9,12.9,0.0,0.5,1.6,2.2,0.062,0.0,-2.3,1.1,-1.2,0.3,inglejo01
232,Kyrie Irving,PG,22.0,CLE,75.0,2730.0,21.5,0.583,0.306,0.296,2.3,7.5,5.0,25.0,2.2,0.6,11.8,26.2,0.0,8.4,2.0,10.4,0.183,0.0,4.4,-0.4,4.1,4.2,irvinky01
233,Jarrett Jack,PG,31.0,BRK,80.0,2241.0,14.6,0.522,0.179,0.278,1.0,11.3,6.1,27.3,1.7,0.5,17.2,22.6,0.0,1.1,1.4,2.6,0.055,0.0,-0.4,-0.7,-1.1,0.5,jackja01
234,Reggie Jackson,PG,24.0,TOT,77.0,2268.0,17.2,0.511,0.242,0.219,2.6,12.9,7.8,34.8,1.4,0.3,14.6,24.6,0.0,3.3,1.7,4.9,0.104,0.0,1.8,-0.6,1.1,1.8,jacksre01
235,Bernard James,C,29.0,DAL,16.0,158.0,16.0,0.593,0.0,0.852,12.5,14.6,13.5,3.4,0.6,7.7,13.9,12.2,0.0,0.4,0.2,0.5,0.165,0.0,-0.5,1.2,0.8,0.1,jamesbe01
236,LeBron James,SF,30.0,CLE,69.0,2493.0,25.9,0.577,0.265,0.413,2.4,16.6,9.6,38.6,2.3,1.6,15.3,32.3,0.0,7.4,2.9,10.4,0.199,0.0,6.1,1.0,7.1,5.7,jamesle01
237,Al Jefferson,C,30.0,CHO,65.0,1992.0,19.7,0.5,0.005,0.163,5.3,25.5,15.1,11.6,1.2,3.3,5.9,26.3,0.0,1.3,3.4,4.7,0.113,0.0,0.9,0.7,1.6,1.8,jeffeal01
238,Cory Jefferson,PF,24.0,BRK,50.0,531.0,13.2,0.48,0.09,0.323,10.0,20.6,15.3,4.8,1.0,3.2,9.5,18.1,0.0,0.2,0.6,0.8,0.071,0.0,-2.1,-0.9,-3.0,-0.1,jeffeco01
239,Richard Jefferson,SF,34.0,DAL,74.0,1244.0,11.3,0.577,0.478,0.352,2.2,14.0,8.1,7.0,1.3,0.7,12.2,15.3,0.0,1.4,0.9,2.3,0.088,0.0,-0.8,0.0,-0.8,0.4,jefferi01
240,John Jenkins,SG,23.0,ATL,24.0,297.0,15.9,0.629,0.525,0.192,0.8,13.8,7.5,7.0,1.7,0.0,6.9,17.8,0.0,0.6,0.3,0.9,0.147,0.0,0.8,-0.5,0.3,0.2,jenkijo01
241,Brandon Jennings,PG,25.0,DET,41.0,1173.0,19.7,0.522,0.389,0.263,1.9,8.0,4.8,39.9,1.9,0.3,12.9,26.3,0.0,2.6,0.7,3.3,0.136,0.0,4.0,-0.6,3.3,1.6,jennibr01
242,Jonas Jerebko,PF,27.0,TOT,75.0,1230.0,15.0,0.549,0.369,0.174,8.0,17.2,12.5,9.0,1.9,1.1,9.7,16.2,0.0,2.0,1.4,3.5,0.135,0.0,0.2,0.6,0.9,0.9,jerebjo01
243,Grant Jerrett,PF,21.0,TOT,8.0,51.0,1.5,0.303,0.577,0.038,4.4,15.2,9.9,9.6,2.1,3.1,10.2,25.4,0.0,-0.2,0.1,-0.1,-0.128,0.0,-10.0,-0.9,-10.8,-0.1,jerregr01
244,Amir Johnson,PF,27.0,TOR,75.0,1979.0,15.4,0.603,0.089,0.249,9.3,17.3,13.3,9.4,1.1,2.4,16.0,15.7,0.0,3.5,1.6,5.1,0.124,0.0,0.0,-0.1,-0.1,0.9,johnsam01
245,Chris Johnson,SF,24.0,TOT,29.0,526.0,10.2,0.515,0.617,0.104,1.7,10.2,5.9,4.6,2.6,1.1,8.5,15.0,0.0,0.2,0.6,0.8,0.074,0.0,-2.3,0.7,-1.7,0.0,johnsch04
246,James Johnson,PF,27.0,TOR,70.0,1370.0,17.9,0.617,0.126,0.252,5.1,16.5,10.8,11.4,2.0,4.1,15.0,17.4,0.0,2.5,1.6,4.1,0.143,0.0,0.7,1.7,2.4,1.5,johnsja01
247,Joe Johnson,SG,33.0,BRK,80.0,2791.0,14.1,0.523,0.329,0.172,2.1,13.3,7.7,17.1,1.1,0.4,11.1,20.3,0.0,2.6,1.5,4.1,0.07,0.0,0.7,-0.8,-0.1,1.3,johnsjo02
248,Nick Johnson,SG,22.0,HOU,28.0,262.0,4.8,0.43,0.28,0.333,5.5,10.9,8.2,6.3,1.3,0.9,18.1,17.4,0.0,-0.4,0.2,-0.1,-0.02,0.0,-5.6,-0.9,-6.5,-0.3,johnsni01
249,Tyler Johnson,SG,22.0,MIA,32.0,603.0,12.0,0.506,0.287,0.281,2.9,13.1,8.1,11.3,2.9,1.3,13.8,17.0,0.0,0.1,0.7,0.8,0.06,0.0,-2.0,1.0,-0.9,0.2,johnsty01
250,Wesley Johnson,SF,27.0,LAL,76.0,2245.0,11.1,0.509,0.375,0.162,3.2,12.9,7.8,8.6,1.3,1.6,10.5,16.4,0.0,1.0,0.7,1.7,0.037,0.0,-1.1,-0.8,-1.9,0.1,johnswe01
251,Dahntay Jones,SF,34.0,LAC,33.0,123.0,1.9,0.406,0.19,0.524,0.9,9.0,5.0,2.1,1.2,0.0,3.7,9.8,0.0,0.0,0.1,0.0,0.013,0.0,-7.6,-0.6,-8.3,-0.2,jonesda02
252,James Jones,SF,34.0,CLE,57.0,669.0,11.1,0.565,0.871,0.229,1.6,9.0,5.3,5.4,1.0,0.9,5.5,15.8,0.0,1.2,0.4,1.5,0.11,0.0,0.2,-0.9,-0.7,0.2,jonesja02
253,Perry Jones,SF,23.0,OKC,43.0,631.0,6.9,0.459,0.326,0.201,1.0,11.7,6.5,4.2,1.4,1.0,10.7,15.3,0.0,-0.3,0.5,0.2,0.015,0.0,-4.0,-0.4,-4.4,-0.4,jonespe01
254,Terrence Jones,PF,23.0,HOU,33.0,889.0,18.3,0.567,0.124,0.314,9.7,17.6,13.7,6.9,1.0,5.2,9.8,18.4,0.0,1.7,1.3,3.0,0.16,0.0,0.7,0.5,1.2,0.7,joneste01
255,DeAndre Jordan,C,26.0,LAC,82.0,2820.0,21.0,0.638,0.007,0.882,16.2,32.4,24.5,3.2,1.5,5.4,12.8,13.6,0.0,7.4,5.4,12.8,0.217,0.0,2.2,0.7,2.9,3.5,jordade01
256,Jerome Jordan,C,28.0,BRK,44.0,383.0,16.8,0.609,0.0,0.468,15.3,15.5,15.4,5.3,1.1,3.1,16.3,16.1,0.0,0.9,0.3,1.2,0.156,0.0,-0.6,-0.6,-1.2,0.1,jordaje01
257,Cory Joseph,PG,23.0,SAS,79.0,1444.0,15.5,0.564,0.107,0.348,3.5,11.4,7.5,19.7,1.6,0.9,12.4,17.0,0.0,2.7,1.8,4.5,0.149,0.0,0.2,1.3,1.4,1.2,josepco01
258,Chris Kaman,C,32.0,POR,74.0,1398.0,17.3,0.537,0.0,0.186,11.6,25.2,18.5,7.8,0.7,2.8,15.4,22.5,0.0,1.1,2.2,3.3,0.112,0.0,-0.8,0.1,-0.8,0.4,kamanch01
259,Sergey Karasev,SG,21.0,BRK,33.0,555.0,10.5,0.508,0.403,0.284,4.5,8.9,6.7,12.3,2.1,0.1,13.7,14.4,0.0,0.3,0.4,0.7,0.061,0.0,-2.1,0.5,-1.7,0.0,karasse01
260,Ryan Kelly,PF,23.0,LAL,52.0,1233.0,8.6,0.473,0.434,0.307,1.1,12.4,6.5,10.9,1.2,1.6,9.5,14.0,0.0,0.4,0.3,0.7,0.027,0.0,-3.0,-0.3,-3.3,-0.4,kellyry01
261,Michael Kidd-Gilchrist,SF,21.0,CHO,55.0,1587.0,15.1,0.519,0.0,0.444,7.4,21.9,14.4,8.2,1.0,1.9,9.9,18.4,0.0,1.6,2.2,3.8,0.114,0.0,-1.1,0.6,-0.5,0.6,kiddgmi01
262,Sean Kilpatrick,SG,25.0,MIN,4.0,72.0,10.0,0.506,0.65,0.2,1.5,8.2,4.8,8.5,2.1,0.0,8.4,14.6,0.0,0.1,0.0,0.1,0.033,0.0,-1.4,-0.9,-2.2,0.0,kilpase01
263,Andrei Kirilenko,SF,33.0,BRK,7.0,36.0,2.8,0.222,0.0,0.8,6.2,18.6,12.5,3.6,1.4,0.0,12.9,9.8,0.0,-0.1,0.0,0.0,-0.058,0.0,-4.4,-1.3,-5.7,0.0,kirilan01
264,Alex Kirk,C,23.0,CLE,5.0,14.0,8.5,0.41,0.0,0.5,8.3,0.0,4.1,10.1,0.0,0.0,0.0,15.7,0.0,0.0,0.0,0.0,0.061,0.0,-2.5,-3.5,-6.0,0.0,kirkal01
265,Brandon Knight,PG-SG,23.0,TOT,63.0,2035.0,17.1,0.543,0.361,0.251,1.6,12.0,6.8,27.4,2.3,0.4,16.1,25.9,0.0,2.0,2.5,4.5,0.106,0.0,1.9,-0.3,1.6,1.9,knighbr03
266,Kyle Korver,SG,33.0,ATL,75.0,2418.0,14.8,0.699,0.748,0.197,0.7,13.3,7.2,12.1,1.1,1.5,14.1,14.4,0.0,5.0,2.4,7.5,0.148,0.0,2.4,0.4,2.8,3.0,korveky01
267,Kosta Koufos,C,25.0,MEM,81.0,1348.0,14.2,0.53,0.0,0.237,10.3,25.8,18.1,4.3,1.1,3.9,14.9,15.8,0.0,0.8,2.5,3.3,0.118,0.0,-2.0,0.7,-1.2,0.2,koufoko01
268,Ognjen Kuzmić,C,24.0,GSW,16.0,72.0,12.9,0.727,0.0,0.333,10.8,14.5,12.7,11.1,1.4,1.0,26.7,11.3,0.0,0.2,0.1,0.3,0.171,0.0,-2.3,0.8,-1.4,0.0,kuzmiog01
269,Jeremy Lamb,SG,22.0,OKC,47.0,633.0,14.9,0.538,0.444,0.22,1.4,16.5,9.1,10.9,1.7,0.7,9.0,20.5,0.0,1.0,0.7,1.6,0.123,0.0,0.9,0.8,1.6,0.6,lambje01
270,Carl Landry,PF,31.0,SAC,70.0,1192.0,14.9,0.578,0.0,0.407,9.8,15.5,12.8,3.6,0.6,1.1,11.0,18.1,0.0,2.3,0.5,2.8,0.112,0.0,-0.5,-1.7,-2.3,-0.1,landrca01
271,Shane Larkin,PG,22.0,NYK,76.0,1865.0,10.9,0.504,0.269,0.181,1.7,9.4,5.4,19.4,2.6,0.4,15.1,13.6,0.0,0.8,0.9,1.7,0.045,0.0,-3.0,0.2,-2.8,-0.4,larkish01
272,Joffrey Lauvergne,C,23.0,DEN,24.0,268.0,10.5,0.459,0.18,0.315,10.5,20.9,15.5,7.5,1.5,2.9,17.8,19.9,0.0,-0.2,0.3,0.1,0.012,0.0,-4.8,-0.8,-5.6,-0.2,lauvejo01
273,Zach LaVine,PG,19.0,MIN,77.0,1902.0,11.3,0.515,0.247,0.261,1.6,11.6,6.4,24.0,1.4,0.4,20.4,22.0,0.0,-0.7,0.0,-0.7,-0.018,0.0,-2.2,-2.5,-4.6,-1.3,lavinza01
274,Ty Lawson,PG,27.0,DEN,75.0,2665.0,18.5,0.526,0.221,0.392,1.6,8.1,4.7,43.0,1.7,0.3,14.6,20.6,0.0,6.0,1.0,7.0,0.126,0.0,3.0,-0.9,2.2,2.8,lawsoty01
275,Ricky Ledo,SG,22.0,TOT,17.0,244.0,6.3,0.426,0.281,0.229,7.4,9.7,8.5,13.0,1.3,0.3,19.7,24.8,0.0,-0.6,0.0,-0.6,-0.112,0.0,-4.3,-3.8,-8.1,-0.4,ledori01
276,Courtney Lee,SG,29.0,MEM,77.0,2354.0,11.5,0.555,0.348,0.201,1.0,7.6,4.3,9.8,1.7,0.4,10.0,15.2,0.0,2.5,2.4,4.8,0.099,0.0,-1.0,0.5,-0.5,0.9,leeco01
277,David Lee,PF,31.0,GSW,49.0,904.0,17.8,0.541,0.006,0.332,10.0,20.3,15.3,13.7,1.7,2.1,12.0,19.6,0.0,1.6,1.6,3.2,0.168,0.0,0.1,0.8,0.9,0.7,leeda02
278,Malcolm Lee,SG,24.0,PHI,1.0,2.0,-19.7,0.0,0.0,0.0,0.0,0.0,0.0,0.0,0.0,0.0,0.0,21.8,0.0,0.0,0.0,0.0,-0.527,0.0,-18.0,-9.7,-27.6,0.0,leema01
279,Alex Len,C,21.0,PHO,69.0,1518.0,13.5,0.542,0.008,0.295,10.2,22.7,16.4,3.1,1.1,5.3,15.7,13.7,0.0,1.2,2.1,3.4,0.107,0.0,-2.8,1.0,-1.8,0.1,lenal01
280,Kawhi Leonard,SF,23.0,SAS,64.0,2033.0,22.0,0.567,0.234,0.307,4.8,20.6,12.9,13.0,3.7,1.8,9.4,23.0,0.0,4.2,4.4,8.6,0.204,0.0,2.8,3.1,5.9,4.1,leonaka01
281,Meyers Leonard,C,22.0,POR,55.0,847.0,14.8,0.631,0.457,0.131,5.9,25.3,15.8,5.8,0.6,1.2,13.1,15.8,0.0,1.6,1.2,2.8,0.158,0.0,0.1,0.5,0.6,0.6,leoname01
282,Jon Leuer,PF,25.0,MEM,63.0,824.0,11.9,0.478,0.106,0.216,7.0,21.7,14.3,8.8,1.1,0.9,10.5,18.6,0.0,0.2,1.2,1.3,0.078,0.0,-2.5,-0.3,-2.8,-0.1,leuerjo01
283,Damian Lillard,PG,24.0,POR,82.0,2925.0,20.7,0.56,0.421,0.293,1.8,11.8,6.9,29.0,1.7,0.5,12.6,26.9,0.0,7.3,3.3,10.6,0.174,0.0,4.3,0.3,4.7,4.9,lillada01
284,Jeremy Lin,PG,26.0,LAL,74.0,1907.0,15.6,0.539,0.269,0.41,1.4,10.2,5.7,28.6,2.2,1.4,17.7,21.9,0.0,1.8,0.8,2.7,0.068,0.0,0.1,-0.5,-0.4,0.8,linje01
285,Shaun Livingston,PG,29.0,GSW,78.0,1468.0,12.9,0.529,0.005,0.23,3.3,10.0,6.7,24.2,1.6,1.0,19.0,15.9,0.0,1.5,1.8,3.3,0.107,0.0,-1.4,0.6,-0.8,0.4,livinsh01
286,Brook Lopez,C,26.0,BRK,72.0,2100.0,22.7,0.558,0.01,0.278,11.5,17.1,14.3,4.5,1.1,4.8,8.6,26.3,0.0,4.7,2.2,7.0,0.159,0.0,1.8,-0.7,1.2,1.6,lopezbr01
287,Robin Lopez,C,26.0,POR,59.0,1638.0,16.2,0.574,0.002,0.291,12.7,13.1,12.9,5.1,0.5,3.7,12.9,15.5,0.0,3.2,1.9,5.1,0.15,0.0,0.1,0.1,0.1,0.9,lopezro01
288,Kevin Love,PF,26.0,CLE,75.0,2532.0,18.8,0.562,0.412,0.337,6.5,26.3,16.6,10.7,1.0,1.2,10.0,21.7,0.0,5.8,2.9,8.7,0.165,0.0,3.2,-0.4,2.7,3.0,loveke01
289,Kyle Lowry,PG,28.0,TOR,70.0,2414.0,19.3,0.527,0.375,0.299,2.6,13.1,7.8,32.4,2.3,0.4,12.8,25.4,0.0,5.1,2.0,7.1,0.141,0.0,3.2,-0.1,3.0,3.1,lowryky01
290,Kalin Lucas,PG,25.0,MEM,1.0,6.0,-0.7,0.0,0.0,0.0,0.0,0.0,0.0,0.0,8.7,0.0,0.0,7.6,0.0,0.0,0.0,0.0,-0.057,0.0,-13.4,8.7,-4.7,0.0,lucaska01
291,John Lucas III,PG,32.0,DET,21.0,272.0,13.0,0.461,0.279,0.048,1.5,5.0,3.2,36.0,1.5,0.0,13.1,19.9,0.0,0.2,0.1,0.3,0.058,0.0,-0.2,-2.0,-2.2,0.0,lucasjo02
292,Shelvin Mack,PG,24.0,ATL,55.0,833.0,13.2,0.489,0.435,0.106,1.1,9.5,5.4,28.6,1.8,0.2,13.8,19.5,0.0,0.5,0.8,1.3,0.075,0.0,-0.7,-1.0,-1.7,0.1,macksh01
293,Ian Mahinmi,C,28.0,IND,61.0,1146.0,10.8,0.516,0.0,0.481,10.2,24.0,17.2,4.4,1.3,3.1,18.7,12.5,0.0,0.1,2.0,2.1,0.09,0.0,-3.6,1.2,-2.5,-0.1,mahinia01
294,Devyn Marble,SG,22.0,ORL,16.0,208.0,5.9,0.362,0.5,0.364,2.7,14.4,8.4,11.5,2.2,0.8,15.0,13.1,0.0,-0.3,0.2,-0.1,-0.031,0.0,-4.7,-0.1,-4.8,-0.1,marblde01
295,Shawn Marion,SF,36.0,CLE,57.0,1101.0,11.0,0.489,0.172,0.127,6.8,14.2,10.5,6.9,1.3,1.9,10.5,12.9,0.0,0.8,0.9,1.7,0.074,0.0,-0.9,-0.1,-1.0,0.3,mariosh01
296,Kendall Marshall,PG,23.0,MIL,28.0,417.0,12.4,0.562,0.455,0.089,0.6,7.1,3.8,31.1,2.6,0.0,25.0,15.1,0.0,0.3,0.5,0.8,0.088,0.0,-0.7,-0.1,-0.8,0.1,marshke01
297,Cartier Martin,SF,30.0,DET,23.0,198.0,1.6,0.34,0.623,0.0,0.0,11.4,5.5,8.0,0.8,0.4,8.6,13.0,0.0,-0.3,0.1,-0.2,-0.053,0.0,-6.6,-0.6,-7.2,-0.3,martica01
298,Kenyon Martin,PF,37.0,MIL,11.0,104.0,10.0,0.437,0.0,0.091,6.7,14.2,10.5,7.0,2.5,4.9,11.6,11.2,0.0,0.0,0.2,0.2,0.086,0.0,-4.4,2.2,-2.2,0.0,martike01
299,Kevin Martin,SG,31.0,MIN,39.0,1302.0,16.7,0.549,0.306,0.309,1.6,11.1,6.2,12.5,1.3,0.1,9.7,26.6,0.0,2.0,-0.1,1.9,0.069,0.0,1.7,-2.4,-0.7,0.4,martike02
300,Wesley Matthews,SG,28.0,POR,60.0,2024.0,16.1,0.586,0.592,0.193,2.1,9.5,5.9,10.8,1.9,0.4,9.0,19.8,0.0,4.0,2.2,6.2,0.147,0.0,2.0,1.1,3.1,2.6,matthwe02
301,Jason Maxiell,PF,31.0,CHO,61.0,878.0,10.4,0.455,0.0,0.37,10.5,15.1,12.7,3.4,1.1,4.0,11.5,13.1,0.0,0.1,1.2,1.4,0.074,0.0,-3.8,0.6,-3.2,-0.3,maxieja01
302,O.J. Mayo,SG,27.0,MIL,71.0,1697.0,13.5,0.529,0.395,0.198,2.0,10.5,6.3,19.4,1.7,0.9,14.4,23.6,0.0,0.9,1.9,2.8,0.079,0.0,-0.2,-0.4,-0.6,0.6,mayooj01
303,Luc Mbah a Moute,PF,28.0,PHI,67.0,1916.0,10.6,0.466,0.318,0.256,4.4,14.6,9.3,9.8,2.1,0.9,12.3,18.3,0.0,-0.9,2.0,1.1,0.027,0.0,-2.7,-0.1,-2.8,-0.4,mbahalu01
304,James Michael McAdoo,PF,22.0,GSW,15.0,137.0,17.7,0.564,0.0,0.568,12.2,16.8,14.6,2.1,1.8,4.9,9.8,19.4,0.0,0.2,0.3,0.5,0.177,0.0,-2.1,-0.2,-2.3,0.0,mcadoja01
305,Ray McCallum,PG,23.0,SAC,68.0,1436.0,12.5,0.496,0.236,0.179,4.3,9.8,7.1,21.3,1.6,0.6,14.4,18.2,0.0,0.8,0.5,1.4,0.045,0.0,-0.9,-1.1,-2.0,0.0,mccalra01
306,CJ McCollum,SG,23.0,POR,62.0,973.0,13.1,0.534,0.381,0.2,1.6,8.3,5.0,10.3,2.3,0.6,10.8,20.5,0.0,0.7,1.1,1.8,0.089,0.0,-1.3,0.8,-0.6,0.4,mccolcj01
307,K.J. McDaniels,SG,21.0,TOT,62.0,1352.0,10.6,0.494,0.346,0.306,5.0,11.4,8.0,9.3,1.6,4.2,17.6,19.3,0.0,-0.9,1.5,0.6,0.02,0.0,-3.1,0.3,-2.8,-0.3,mcdankj01
308,Doug McDermott,SF,23.0,CHI,36.0,321.0,6.1,0.48,0.383,0.14,2.1,12.2,7.3,3.0,0.6,0.2,13.0,18.3,0.0,-0.3,0.2,0.0,-0.005,0.0,-4.1,-1.9,-6.0,-0.3,mcderdo01
309,Mitch McGary,PF,22.0,OKC,32.0,485.0,16.6,0.55,0.012,0.242,11.9,24.4,18.2,4.6,1.7,2.6,14.5,19.0,0.0,0.6,0.7,1.3,0.127,0.0,-1.4,-0.5,-1.9,0.0,mcgarmi01
310,JaVale McGee,C,27.0,TOT,23.0,256.0,14.4,0.567,0.0,0.418,7.3,18.9,12.9,2.0,0.4,6.1,16.1,18.9,0.0,0.1,0.3,0.4,0.071,0.0,-2.6,-0.2,-2.8,-0.1,mcgeeja01
311,Ben McLemore,SG,21.0,SAC,82.0,2670.0,10.4,0.552,0.471,0.193,1.4,8.6,5.1,8.4,1.5,0.6,13.3,17.2,0.0,1.7,0.8,2.5,0.045,0.0,-1.3,-0.9,-2.2,-0.2,mclembe01
312,Jerel McNeal,PG,27.0,PHO,6.0,36.0,1.2,0.379,0.182,0.182,0.0,9.2,4.6,7.8,4.2,2.1,29.6,20.6,0.0,-0.2,0.1,-0.1,-0.149,0.0,-10.5,1.4,-9.1,-0.1,mcneaje01
313,Josh McRoberts,PF,27.0,MIA,17.0,296.0,10.2,0.613,0.358,0.245,2.9,15.1,9.1,17.5,2.1,0.9,27.3,12.8,0.0,0.1,0.3,0.4,0.07,0.0,-3.0,0.2,-2.8,-0.1,mcrobjo01
314,Jodie Meeks,SG,27.0,DET,60.0,1462.0,14.1,0.548,0.397,0.3,0.9,7.1,3.9,8.8,2.1,0.3,8.6,20.1,0.0,2.2,0.9,3.1,0.103,0.0,-0.3,-0.2,-0.5,0.5,meeksjo01
315,Gal Mekel,PG,26.0,NOP,4.0,43.0,0.5,0.15,0.15,0.0,0.0,2.6,1.3,42.2,2.4,0.0,9.1,23.3,0.0,-0.2,0.0,-0.2,-0.238,0.0,-8.0,-3.2,-11.3,-0.1,mekelga01
316,Khris Middleton,SF,23.0,MIL,79.0,2378.0,15.6,0.563,0.308,0.18,2.3,14.3,8.4,12.7,2.6,0.4,10.8,19.9,0.0,3.2,3.5,6.7,0.135,0.0,0.5,1.1,1.6,2.2,middlkh01
317,C.J. Miles,SG,27.0,IND,70.0,1841.0,14.1,0.525,0.539,0.195,1.1,11.7,6.4,7.1,1.7,1.1,7.5,23.9,0.0,1.3,2.3,3.6,0.093,0.0,0.8,0.0,0.9,1.3,milescj01
318,Andre Miller,PG,38.0,TOT,81.0,1253.0,13.3,0.548,0.117,0.266,3.4,10.2,6.9,34.5,1.3,0.4,24.3,15.3,0.0,1.4,0.8,2.2,0.084,0.0,-1.1,-1.0,-2.1,0.0,millean02
319,Darius Miller,SF,24.0,NOP,5.0,43.0,-5.1,0.143,0.143,0.0,0.0,2.6,1.3,6.1,1.2,0.0,12.5,8.5,0.0,-0.1,0.0,-0.1,-0.122,0.0,-9.9,-1.4,-11.3,-0.1,milleda01
320,Mike Miller,SF,34.0,CLE,52.0,701.0,4.6,0.471,0.86,0.035,0.7,14.0,7.4,9.0,1.0,0.5,16.6,8.9,0.0,-0.1,0.5,0.4,0.028,0.0,-3.7,0.3,-3.4,-0.2,millemi01
321,Quincy Miller,PF,22.0,TOT,10.0,119.0,7.4,0.338,0.474,0.289,3.7,14.9,9.4,9.8,3.0,3.3,10.5,17.8,0.0,-0.2,0.2,-0.1,-0.03,0.0,-4.4,0.6,-3.8,-0.1,millequ01
322,Patty Mills,PG,26.0,SAS,51.0,801.0,13.0,0.496,0.542,0.119,3.0,7.5,5.3,16.9,1.8,0.2,9.0,22.1,0.0,0.6,0.9,1.4,0.087,0.0,0.0,-0.2,-0.3,0.4,millspa02
323,Elijah Millsap,SG,27.0,UTA,47.0,924.0,7.9,0.45,0.378,0.361,3.5,15.2,9.4,9.7,3.2,1.4,19.5,17.0,0.0,-1.0,1.4,0.4,0.02,0.0,-5.1,2.1,-3.1,-0.3,millsel01
324,Paul Millsap,PF,29.0,ATL,73.0,2390.0,20.0,0.565,0.232,0.362,6.9,20.0,13.6,15.4,2.8,2.4,13.3,23.8,0.0,4.0,4.3,8.3,0.166,0.0,1.7,1.7,3.4,3.3,millspa01
325,Nikola Mirotić,PF,23.0,CHI,82.0,1654.0,17.9,0.556,0.502,0.455,4.3,21.8,13.3,9.7,1.7,2.4,10.6,22.8,0.0,3.0,2.7,5.7,0.165,0.0,1.4,1.0,2.3,1.8,mirotni01
326,Nazr Mohammed,C,37.0,CHI,23.0,128.0,8.7,0.431,0.0,0.1,9.6,22.3,16.1,3.6,1.6,2.8,18.3,13.4,0.0,-0.1,0.2,0.1,0.04,0.0,-4.9,0.4,-4.5,-0.1,mohamna01
327,Greg Monroe,PF,24.0,DET,69.0,2137.0,21.2,0.549,0.0,0.394,11.2,25.1,17.9,11.7,1.9,1.3,13.0,23.9,0.0,4.0,2.8,6.8,0.153,0.0,2.0,0.0,2.0,2.1,monrogr01
328,E'Twaun Moore,SG,25.0,CHI,56.0,504.0,10.3,0.504,0.273,0.144,2.7,7.1,5.0,10.4,2.1,0.9,8.7,14.4,0.0,0.3,0.5,0.8,0.08,0.0,-2.7,1.1,-1.5,0.1,mooreet01
329,Eric Moreland,PF,23.0,SAC,3.0,2.0,40.8,1.0,0.0,0.0,0.0,54.8,28.4,0.0,0.0,0.0,0.0,22.0,0.0,0.0,0.0,0.0,0.431,0.0,8.7,8.5,17.2,0.0,moreler01
330,Darius Morris,PG,24.0,BRK,38.0,299.0,6.7,0.377,0.311,0.085,2.6,7.5,5.1,24.7,1.6,0.0,16.0,20.0,0.0,-0.5,0.1,-0.4,-0.068,0.0,-4.3,-2.1,-6.4,-0.3,morrida01
331,Marcus Morris,PF,25.0,PHO,81.0,2045.0,13.7,0.52,0.41,0.148,3.9,16.9,10.3,10.2,1.5,0.6,8.2,19.0,0.0,2.2,1.8,4.0,0.093,0.0,0.1,0.0,0.1,1.1,morrima03
332,Markieff Morris,PF,25.0,PHO,82.0,2581.0,15.8,0.523,0.163,0.211,4.6,17.0,10.7,12.4,2.0,1.2,12.4,23.3,0.0,1.8,2.7,4.6,0.085,0.0,-0.5,0.2,-0.3,1.1,morrima02
333,Anthony Morrow,SG,29.0,OKC,74.0,1806.0,14.8,0.604,0.528,0.145,2.4,9.1,5.8,5.2,1.5,0.5,5.5,16.5,0.0,4.4,1.2,5.7,0.151,0.0,1.9,-0.1,1.8,1.7,morroan01
334,Donatas Motiejūnas,PF,24.0,HOU,71.0,2037.0,14.4,0.553,0.19,0.237,7.4,15.4,11.4,10.8,1.4,1.3,13.7,19.1,0.0,2.4,2.3,4.7,0.11,0.0,-0.4,-0.1,-0.5,0.8,motiedo01
335,Timofey Mozgov,C,28.0,TOT,81.0,2045.0,16.6,0.594,0.011,0.382,11.0,21.4,16.1,4.3,0.8,3.7,14.9,16.9,0.0,3.5,2.2,5.7,0.133,0.0,-0.6,-0.1,-0.7,0.7,mozgoti01
336,Shabazz Muhammad,SG,22.0,MIN,38.0,866.0,19.9,0.556,0.128,0.365,8.1,12.4,10.2,9.6,1.1,0.6,7.1,25.3,0.0,2.1,-0.1,2.0,0.11,0.0,3.5,-2.7,0.7,0.6,muhamsh01
337,Toure' Murry,SG-PG,25.0,TOT,5.0,18.0,1.1,0.51,0.0,0.4,6.4,0.0,3.1,8.3,2.8,0.0,40.5,24.9,0.0,-0.1,0.0,-0.1,-0.171,0.0,-9.6,-2.3,-11.9,0.0,murryto01
338,Mike Muscala,PF,23.0,ATL,40.0,502.0,18.0,0.608,0.146,0.166,12.2,14.8,13.5,8.0,1.6,3.2,11.5,16.7,0.0,1.2,0.7,1.9,0.179,0.0,0.3,-0.2,0.1,0.3,muscami01
339,Shabazz Napier,PG,23.0,MIA,51.0,1012.0,9.3,0.517,0.518,0.246,2.1,11.2,6.7,19.9,2.1,0.3,24.3,15.5,0.0,-0.3,0.8,0.5,0.024,0.0,-2.7,-0.5,-3.2,-0.3,napiesh01
340,Gary Neal,SG,30.0,TOT,54.0,1193.0,11.1,0.483,0.326,0.268,1.3,11.0,6.0,14.5,1.0,0.1,10.4,23.8,0.0,-0.2,0.8,0.6,0.023,0.0,-2.1,-1.3,-3.4,-0.5,nealga01
341,Jameer Nelson,PG,32.0,TOT,63.0,1407.0,12.1,0.503,0.512,0.071,2.5,8.9,5.7,27.8,1.7,0.3,17.3,19.5,0.0,0.6,0.8,1.4,0.047,0.0,-0.1,-0.9,-1.0,0.4,nelsoja01
342,Andrew Nicholson,PF,25.0,ORL,40.0,492.0,10.3,0.483,0.216,0.132,3.8,15.2,9.4,7.3,0.6,2.0,10.7,20.8,0.0,-0.2,0.3,0.1,0.007,0.0,-3.4,-1.6,-4.9,-0.4,nichoan01
343,Joakim Noah,C,29.0,CHI,67.0,2049.0,15.3,0.482,0.005,0.407,11.9,22.1,17.1,23.0,1.2,2.6,19.6,13.7,0.0,2.4,3.1,5.6,0.13,0.0,0.1,2.0,2.1,2.1,noahjo01
344,Nerlens Noel,C,20.0,PHI,75.0,2311.0,15.0,0.493,0.0,0.352,8.3,21.0,14.3,9.8,2.9,5.0,16.2,17.0,0.0,-0.2,4.2,4.0,0.083,0.0,-2.6,2.3,-0.3,1.0,noelne01
345,Lucas Nogueira,C,22.0,TOR,6.0,23.0,5.2,0.307,0.0,0.5,10.0,45.1,27.6,6.2,4.5,0.0,17.0,23.1,0.0,-0.1,0.1,0.0,-0.071,0.0,-10.0,-0.6,-10.5,0.0,noguelu01
346,Steve Novak,SF-PF,31.0,TOT,35.0,197.0,8.6,0.554,0.857,0.036,1.1,11.4,6.3,8.6,0.0,0.8,8.1,14.1,0.0,0.2,0.1,0.3,0.075,0.0,-0.1,-1.8,-1.9,0.0,novakst01
347,Dirk Nowitzki,PF,36.0,DAL,77.0,2282.0,19.2,0.56,0.258,0.272,2.1,19.9,11.0,10.4,0.9,1.2,6.5,24.9,0.0,5.2,2.0,7.2,0.152,0.0,2.7,-0.5,2.2,2.4,nowitdi01
348,Jusuf Nurkić,C,20.0,DEN,62.0,1103.0,14.8,0.483,0.005,0.345,11.8,26.1,18.7,7.3,2.4,4.8,16.3,20.7,0.0,-0.2,1.8,1.6,0.069,0.0,-3.7,0.9,-2.8,-0.2,nurkiju01
349,Johnny O'Bryant,PF,21.0,MIL,34.0,368.0,3.8,0.379,0.0,0.225,8.2,11.7,10.0,7.1,0.7,0.9,15.9,19.2,0.0,-0.8,0.3,-0.5,-0.063,0.0,-7.3,-2.2,-9.5,-0.7,obryajo01
350,Kyle O'Quinn,PF,24.0,ORL,51.0,824.0,14.8,0.55,0.178,0.236,6.2,21.4,13.6,11.3,1.9,3.8,17.1,17.7,0.0,0.5,1.1,1.6,0.091,0.0,-1.7,1.5,-0.3,0.4,oquinky01
351,Victor Oladipo,SG,22.0,ORL,72.0,2573.0,15.9,0.527,0.228,0.295,2.2,11.2,6.6,19.3,2.4,0.6,14.3,25.2,0.0,1.5,2.0,3.5,0.065,0.0,-0.1,-0.3,-0.4,1.1,oladivi01
352,Kelly Olynyk,C,23.0,BOS,64.0,1423.0,15.9,0.558,0.331,0.258,7.0,16.5,11.7,12.2,2.3,2.1,14.3,21.1,0.0,1.5,2.1,3.6,0.12,0.0,-0.5,0.9,0.4,0.8,olynyke01
353,Arinze Onuaku,C,27.0,MIN,6.0,68.0,22.8,0.771,0.0,0.571,11.4,24.3,17.7,10.2,0.7,3.5,10.2,12.7,0.0,0.2,0.0,0.3,0.197,0.0,2.8,-1.4,1.4,0.1,onuakar01
354,Zaza Pachulia,C,30.0,MIL,73.0,1730.0,15.6,0.506,0.006,0.302,13.1,19.9,16.5,16.2,2.4,1.0,18.2,19.1,0.0,1.3,2.9,4.2,0.116,0.0,-0.4,0.8,0.4,1.0,pachuza01
355,Kostas Papanikolaou,SF,24.0,HOU,43.0,795.0,7.8,0.444,0.538,0.091,5.4,10.9,8.2,15.8,1.8,1.3,21.2,14.2,0.0,-0.4,0.9,0.5,0.029,0.0,-2.4,0.4,-2.0,0.0,papanko01
356,Jannero Pargo,PG,35.0,CHO,9.0,73.0,14.9,0.571,0.629,0.057,0.0,4.6,2.3,20.8,0.0,0.0,7.7,24.3,0.0,0.1,0.0,0.2,0.113,0.0,3.1,-1.3,1.8,0.1,pargoja01
357,Jabari Parker,PF,19.0,MIL,25.0,738.0,14.5,0.527,0.061,0.251,7.8,13.5,10.7,9.5,2.1,0.6,13.9,20.7,0.0,0.4,1.0,1.3,0.088,0.0,-0.1,-0.4,-0.5,0.3,parkeja01
358,Tony Parker,PG,32.0,SAS,68.0,1953.0,15.9,0.539,0.107,0.2,0.9,6.5,3.7,28.7,1.2,0.1,13.9,24.5,0.0,2.4,1.7,4.1,0.1,0.0,0.1,-1.4,-1.3,0.3,parketo01
359,Chandler Parsons,SF,26.0,DAL,66.0,2186.0,16.3,0.567,0.419,0.233,3.2,13.0,8.1,11.4,1.6,0.7,9.5,20.6,0.0,3.8,1.7,5.5,0.121,0.0,2.0,-0.4,1.6,2.0,parsoch01
360,Patrick Patterson,PF,25.0,TOR,81.0,2156.0,14.6,0.568,0.529,0.15,6.8,16.3,11.6,10.7,1.4,1.6,8.7,13.1,0.0,4.4,1.7,6.1,0.137,0.0,2.3,0.2,2.5,2.4,pattepa01
361,Chris Paul,PG,29.0,LAC,82.0,2857.0,26.0,0.596,0.298,0.274,2.1,12.5,7.4,47.4,2.8,0.4,12.7,23.7,0.0,12.9,3.2,16.1,0.27,0.0,6.4,1.6,8.0,7.2,paulch01
362,Adreian Payne,PF,23.0,TOT,32.0,739.0,7.7,0.443,0.041,0.209,7.2,18.2,12.5,6.4,1.3,1.0,15.5,17.0,0.0,-0.7,0.2,-0.5,-0.033,0.0,-5.0,-2.0,-6.9,-0.9,paynead01
363,Elfrid Payton,PG,20.0,ORL,82.0,2489.0,13.8,0.456,0.059,0.302,4.8,11.2,7.9,32.6,2.9,0.7,20.2,18.3,0.0,0.0,2.3,2.3,0.044,0.0,-1.5,0.3,-1.2,0.5,paytoel01
364,Nikola Peković,C,29.0,MIN,31.0,815.0,16.6,0.502,0.0,0.393,12.1,21.0,16.4,5.7,1.2,1.2,9.8,23.1,0.0,0.9,0.2,1.2,0.069,0.0,0.3,-2.3,-2.0,0.0,pekovni01
365,Kendrick Perkins,C,30.0,TOT,68.0,1148.0,7.0,0.467,0.004,0.366,8.7,21.2,15.1,6.3,0.7,2.9,26.5,13.6,0.0,-1.2,1.3,0.1,0.006,0.0,-5.5,0.1,-5.4,-1.0,perkike01
366,Paul Pierce*,SF,37.0,WAS,73.0,1914.0,15.2,0.58,0.462,0.32,2.7,14.3,8.7,11.9,1.2,1.0,10.9,19.9,0.0,3.2,2.3,5.5,0.138,0.0,1.2,0.3,1.5,1.7,piercpa01
367,Mason Plumlee,C,24.0,BRK,82.0,1743.0,18.0,0.57,0.006,0.648,11.3,21.6,16.5,7.0,1.9,2.9,14.4,19.2,0.0,2.5,2.3,4.8,0.131,0.0,-0.2,0.3,0.1,0.9,plumlma01
368,Miles Plumlee,C,26.0,TOT,73.0,1194.0,13.4,0.536,0.0,0.181,10.3,19.3,14.8,4.2,1.7,4.3,15.7,12.0,0.0,0.9,1.7,2.6,0.103,0.0,-1.5,1.0,-0.6,0.4,plumlmi01
369,Quincy Pondexter,SF-SG,26.0,TOT,75.0,1793.0,9.9,0.55,0.546,0.215,3.4,9.0,6.2,7.7,0.6,1.0,9.4,13.8,0.0,2.1,0.8,2.9,0.078,0.0,-1.1,-1.0,-2.1,0.0,pondequ01
370,Otto Porter Jr.,SF,21.0,WAS,74.0,1432.0,11.6,0.523,0.266,0.202,5.6,11.6,8.7,6.8,1.6,1.7,10.9,15.1,0.0,1.0,1.8,2.7,0.092,0.0,-1.1,0.6,-0.5,0.6,porteot01
371,Dwight Powell,PF,23.0,TOT,29.0,236.0,13.8,0.552,0.164,0.493,8.3,14.9,11.6,5.5,1.9,2.1,11.9,17.5,0.0,0.3,0.3,0.6,0.122,0.0,-1.7,0.7,-1.0,0.1,poweldw01
372,Phil Pressey,PG,23.0,BOS,50.0,600.0,11.8,0.453,0.374,0.282,2.3,12.4,7.3,28.0,2.5,0.8,17.3,17.3,0.0,0.0,0.7,0.8,0.06,0.0,-2.2,1.0,-1.2,0.1,pressph01
373,A.J. Price,PG,28.0,TOT,26.0,324.0,12.0,0.451,0.416,0.175,2.1,8.9,5.6,23.5,1.1,0.0,8.7,22.5,0.0,0.0,0.2,0.3,0.041,0.0,-0.3,-1.1,-1.4,0.0,priceaj01
374,Ronnie Price,PG,31.0,LAL,43.0,982.0,10.2,0.455,0.489,0.202,2.1,5.8,3.9,24.4,3.5,0.3,17.6,13.4,0.0,0.2,0.6,0.7,0.036,0.0,-3.5,0.9,-2.6,-0.1,pricero01
375,Pablo Prigioni,PG,37.0,TOT,67.0,1197.0,12.2,0.557,0.728,0.18,2.8,8.6,5.7,21.5,3.4,0.1,20.1,11.6,0.0,1.3,1.0,2.3,0.092,0.0,-1.4,1.3,0.0,0.6,prigipa01
376,Tayshaun Prince,SF,34.0,TOT,58.0,1397.0,12.0,0.504,0.167,0.162,4.1,12.8,8.3,10.3,1.1,0.9,7.5,15.0,0.0,1.3,1.2,2.5,0.086,0.0,-0.4,-0.2,-0.6,0.5,princta01
377,Miroslav Raduljica,C,27.0,MIN,5.0,23.0,3.3,0.45,0.0,0.25,9.7,15.4,12.4,0.0,2.2,0.0,18.4,20.9,0.0,0.0,0.0,0.0,-0.057,0.0,-11.8,-3.2,-15.0,-0.1,radulmi01
378,Julius Randle,PF,20.0,LAL,1.0,14.0,-7.5,0.258,0.0,0.667,0.0,0.0,0.0,0.0,0.0,0.0,20.5,15.5,0.0,-0.1,0.0,-0.1,-0.276,0.0,-9.6,-5.6,-15.1,0.0,randlju01
379,Shavlik Randolph,PF,31.0,TOT,21.0,126.0,7.2,0.298,0.143,0.343,13.8,19.3,16.5,4.4,2.0,1.8,6.9,15.1,0.0,-0.2,0.2,0.0,-0.004,0.0,-4.6,-1.1,-5.7,-0.1,randosh01
380,Zach Randolph,PF,33.0,MEM,71.0,2304.0,19.5,0.538,0.021,0.32,11.2,25.8,18.5,11.4,1.6,0.5,12.8,24.3,0.0,3.4,3.8,7.2,0.149,0.0,1.4,-0.1,1.3,1.9,randoza01
381,J.J. Redick,SG,30.0,LAC,78.0,2409.0,16.2,0.622,0.488,0.216,1.0,6.6,3.9,9.0,0.8,0.3,8.5,21.0,0.0,5.8,0.9,6.7,0.134,0.0,2.9,-1.6,1.3,2.0,redicjj01
382,Glen Rice Jr.,SG,24.0,WAS,5.0,43.0,-3.6,0.312,0.467,0.4,5.4,5.1,5.2,6.5,0.0,0.0,10.2,20.7,0.0,-0.1,0.0,-0.1,-0.121,0.0,-12.1,-3.8,-15.9,-0.1,ricegl02
383,Jason Richardson,SG,34.0,PHI,19.0,416.0,11.7,0.458,0.539,0.124,3.2,14.5,8.6,16.6,1.6,0.6,7.9,21.3,0.0,0.0,0.4,0.4,0.045,0.0,-0.9,-0.4,-1.3,0.1,richaja01
384,Luke Ridnour,PG,33.0,ORL,47.0,683.0,10.0,0.507,0.358,0.119,1.3,10.1,5.6,21.0,1.5,0.5,17.0,14.8,0.0,0.3,0.3,0.6,0.042,0.0,-2.8,-0.5,-3.3,-0.2,ridnolu01
385,Austin Rivers,PG-SG,22.0,TOT,76.0,1563.0,10.3,0.481,0.264,0.254,2.0,8.9,5.5,14.7,1.6,0.7,10.5,17.9,0.0,0.5,1.0,1.5,0.046,0.0,-2.5,-0.3,-2.8,-0.3,riverau01
386,Andre Roberson,SG,23.0,OKC,67.0,1286.0,9.1,0.513,0.423,0.239,5.1,16.0,10.6,7.4,2.1,1.8,17.2,9.0,0.0,0.5,1.6,2.1,0.079,0.0,-2.4,1.7,-0.7,0.4,roberan03
387,Brian Roberts,PG,29.0,CHO,72.0,1330.0,11.7,0.495,0.427,0.164,1.0,8.2,4.5,20.3,1.3,0.4,10.5,18.6,0.0,0.6,1.2,1.8,0.064,0.0,-1.5,-0.2,-1.7,0.1,roberbr01
388,Glenn Robinson III,SG-SF,21.0,TOT,35.0,261.0,8.5,0.471,0.284,0.358,6.1,10.6,8.3,7.0,1.2,0.3,12.4,14.9,0.0,0.0,0.1,0.1,0.012,0.0,-3.0,-2.3,-5.4,-0.2,robingl02
389,Nate Robinson,PG,30.0,TOT,42.0,591.0,10.6,0.432,0.439,0.18,3.1,6.2,4.6,25.7,1.7,0.4,9.8,22.5,0.0,0.0,0.2,0.3,0.021,0.0,-1.8,-1.2,-3.0,-0.1,robinna01
390,Thomas Robinson,PF,23.0,TOT,54.0,798.0,15.3,0.502,0.008,0.408,12.6,28.6,20.5,7.6,2.0,1.9,16.1,20.2,0.0,0.0,1.4,1.5,0.089,0.0,-2.3,0.3,-2.0,0.0,robinth01
391,Rajon Rondo,PG,28.0,TOT,68.0,2018.0,13.5,0.448,0.133,0.121,3.9,16.4,10.1,39.3,2.3,0.3,23.6,19.5,0.0,-0.7,2.3,1.6,0.037,0.0,-1.1,0.3,-0.8,0.6,rondora01
392,Derrick Rose,PG,26.0,CHI,51.0,1530.0,15.9,0.493,0.325,0.224,2.6,8.7,5.7,30.7,1.2,0.8,14.9,31.7,0.0,0.0,1.2,1.2,0.038,0.0,1.6,-2.2,-0.6,0.6,rosede01
393,Terrence Ross,SF,23.0,TOR,82.0,2092.0,11.2,0.519,0.518,0.074,1.8,10.7,6.2,6.5,1.3,1.0,8.1,18.3,0.0,1.3,1.0,2.4,0.054,0.0,-0.1,-1.3,-1.4,0.3,rosste01
394,Ricky Rubio,PG,24.0,MIN,22.0,692.0,15.2,0.452,0.233,0.324,3.0,18.1,10.3,43.5,2.8,0.1,20.4,20.0,0.0,0.1,0.4,0.5,0.033,0.0,-0.3,0.2,-0.1,0.3,rubiori01
395,Damjan Rudež,SF,28.0,IND,68.0,1047.0,8.2,0.591,0.646,0.087,0.9,4.1,2.5,7.9,0.8,0.4,14.7,13.8,0.0,0.6,0.7,1.3,0.061,0.0,-1.7,-0.6,-2.3,-0.1,rudezda01
396,Brandon Rush,SG,29.0,GSW,33.0,271.0,0.8,0.255,0.5,0.204,1.6,14.3,8.2,5.4,0.9,3.3,15.8,11.2,0.0,-0.7,0.4,-0.3,-0.056,0.0,-7.1,-0.3,-7.3,-0.4,rushbr01
397,Robert Sacre,C,25.0,LAL,67.0,1133.0,10.9,0.449,0.003,0.268,8.4,14.6,11.4,7.4,1.3,3.1,9.5,14.8,0.0,0.3,0.6,0.8,0.035,0.0,-2.9,-0.6,-3.5,-0.4,sacrero01
398,John Salmons,SF,35.0,NOP,21.0,270.0,5.1,0.422,0.542,0.083,1.7,7.1,4.4,6.6,1.8,1.1,9.1,9.3,0.0,0.0,0.1,0.1,0.017,0.0,-4.3,0.9,-3.3,-0.1,salmojo01
399,JaKarr Sampson,SF,21.0,PHI,74.0,1131.0,9.4,0.498,0.367,0.272,3.2,12.9,7.8,12.0,1.7,1.9,16.4,17.9,0.0,-0.5,1.1,0.6,0.025,0.0,-4.2,0.0,-4.2,-0.6,sampsja02
400,Larry Sanders,C,26.0,MIL,27.0,586.0,15.2,0.507,0.0,0.279,13.2,19.2,16.2,6.3,2.3,5.6,12.7,17.0,0.0,0.4,1.2,1.6,0.132,0.0,-2.4,1.4,-1.0,0.2,sandela01
401,Dennis Schröder,PG,21.0,ATL,77.0,1516.0,15.7,0.516,0.223,0.269,2.3,9.9,6.2,34.6,1.7,0.2,16.8,27.0,0.0,1.1,1.4,2.5,0.08,0.0,-0.1,-1.2,-1.3,0.2,schrode01
402,Luis Scola,PF,34.0,IND,81.0,1659.0,16.8,0.515,0.031,0.352,9.3,25.6,17.5,11.0,1.5,0.8,11.3,22.8,0.0,1.7,2.7,4.4,0.126,0.0,-0.5,0.2,-0.3,0.7,scolalu01
403,Mike Scott,PF,26.0,ATL,68.0,1123.0,15.1,0.543,0.424,0.17,4.7,15.2,10.1,10.9,1.1,0.2,7.4,21.4,0.0,1.6,1.1,2.7,0.115,0.0,0.6,-1.1,-0.5,0.4,scottmi01
404,Thabo Sefolosha,SF,30.0,ATL,52.0,976.0,13.8,0.506,0.313,0.233,6.4,19.3,13.1,11.2,2.8,1.8,12.2,14.6,0.0,0.8,1.7,2.5,0.121,0.0,-0.8,1.8,1.0,0.8,sefolth01
405,Kevin Séraphin,C,25.0,WAS,79.0,1235.0,12.5,0.535,0.004,0.182,8.1,17.9,13.1,8.0,0.4,3.8,16.8,21.5,0.0,0.0,1.7,1.7,0.066,0.0,-4.1,0.3,-3.8,-0.6,serapke01
406,Ramon Sessions,PG,28.0,TOT,64.0,1188.0,11.1,0.49,0.18,0.518,2.3,11.2,6.9,23.0,1.2,0.0,17.3,18.7,0.0,0.4,0.7,1.1,0.044,0.0,-1.8,-0.9,-2.7,-0.2,sessira01
407,Iman Shumpert,SG,24.0,TOT,62.0,1545.0,11.4,0.497,0.416,0.136,4.1,12.6,8.3,14.2,2.7,0.8,15.4,17.4,0.0,0.1,1.4,1.5,0.047,0.0,-1.5,0.7,-0.9,0.4,shumpim01
408,Alexey Shved,SG,26.0,TOT,42.0,767.0,19.5,0.541,0.415,0.448,3.3,11.7,7.3,25.7,2.0,0.6,10.7,26.3,0.0,1.7,0.5,2.2,0.135,0.0,3.7,-0.8,2.9,0.9,shvedal01
409,Henry Sims,C,24.0,PHI,73.0,1399.0,14.5,0.521,0.044,0.273,8.9,19.4,13.9,10.7,1.4,1.7,15.0,20.6,0.0,0.5,1.5,2.1,0.072,0.0,-2.1,-0.7,-2.8,-0.3,simshe01
410,Kyle Singler,SF,26.0,TOT,80.0,1743.0,8.5,0.512,0.54,0.117,2.0,10.2,6.0,7.3,1.4,1.0,10.5,13.2,0.0,0.9,1.2,2.0,0.056,0.0,-2.1,0.0,-2.1,0.0,singlky01
411,Donald Sloan,PG,27.0,IND,53.0,1107.0,13.1,0.503,0.369,0.217,1.2,13.0,7.1,27.5,1.1,0.0,14.3,18.6,0.0,0.9,1.1,2.0,0.085,0.0,0.0,-0.1,-0.1,0.5,sloando01
412,Marcus Smart,PG,20.0,BOS,67.0,1808.0,11.0,0.491,0.57,0.266,3.6,9.9,6.7,16.3,2.7,0.8,14.4,15.1,0.0,0.7,2.2,2.9,0.077,0.0,-1.9,1.5,-0.5,0.7,smartma01
413,Greg Smith,PF,24.0,DAL,42.0,363.0,10.2,0.605,0.0,0.796,7.8,16.1,11.9,3.4,1.0,2.5,14.3,9.5,0.0,0.5,0.3,0.8,0.108,0.0,-3.1,0.5,-2.6,-0.1,smithgr02
414,Ish Smith,PG,26.0,TOT,55.0,832.0,12.3,0.431,0.163,0.155,1.9,11.4,6.5,40.7,2.2,0.6,16.6,24.6,0.0,-0.9,0.8,-0.1,-0.006,0.0,-1.6,-0.9,-2.5,-0.1,smithis01
415,J.R. Smith,SG,29.0,TOT,70.0,2080.0,13.6,0.538,0.564,0.095,1.7,10.4,6.0,15.6,2.1,0.8,11.0,19.3,0.0,2.2,1.5,3.7,0.085,0.0,0.7,0.0,0.7,1.5,smithjr01
416,Jason Smith,C,28.0,NYK,82.0,1785.0,12.0,0.497,0.071,0.258,6.2,15.0,10.5,13.5,0.9,2.1,13.6,19.7,0.0,0.5,0.7,1.2,0.032,0.0,-2.4,-1.4,-3.8,-0.8,smithja02
417,Josh Smith,PF,29.0,TOT,83.0,2300.0,14.9,0.467,0.231,0.258,7.2,18.3,12.6,20.5,1.9,3.9,15.8,24.8,0.0,-1.1,3.4,2.3,0.048,0.0,-0.6,1.2,0.7,1.6,smithjo03
418,Russ Smith,PG,23.0,TOT,12.0,65.0,5.2,0.488,0.44,0.52,1.8,8.7,5.3,19.4,2.4,0.0,28.1,30.1,0.0,-0.2,0.1,-0.1,-0.094,0.0,-7.6,-1.2,-8.8,-0.1,smithru01
419,Tony Snell,SF,23.0,CHI,72.0,1412.0,10.2,0.55,0.531,0.148,2.5,10.9,6.8,6.8,1.2,0.6,10.8,14.1,0.0,1.2,1.2,2.4,0.082,0.0,-1.3,-0.1,-1.4,0.2,snellto01
420,Marreese Speights,C,27.0,GSW,76.0,1207.0,19.5,0.546,0.028,0.276,10.1,18.7,14.5,9.9,0.8,2.1,10.2,29.1,0.0,2.2,1.8,4.0,0.158,0.0,-0.9,-1.1,-1.9,0.0,speigma01
421,Tiago Splitter,C,30.0,SAS,52.0,1030.0,18.9,0.601,0.0,0.396,10.2,17.4,13.9,11.8,1.7,2.7,14.4,18.4,0.0,2.3,1.7,4.0,0.189,0.0,0.8,1.5,2.3,1.1,splitti01
422,Nik Stauskas,SG,21.0,SAC,73.0,1127.0,7.5,0.492,0.503,0.216,1.1,7.5,4.4,9.0,0.9,1.2,11.0,14.2,0.0,0.3,0.2,0.5,0.021,0.0,-2.4,-1.0,-3.3,-0.4,stausni01
423,Lance Stephenson,SG,24.0,CHO,61.0,1573.0,8.8,0.419,0.191,0.2,2.7,17.1,9.7,25.4,1.2,0.4,17.6,21.1,0.0,-2.7,1.8,-0.9,-0.026,0.0,-4.3,-0.1,-4.5,-1.0,stephla01
424,Greg Stiemsma,C,29.0,TOR,17.0,66.0,7.8,0.717,0.0,0.5,15.7,10.5,13.1,6.6,1.6,0.0,41.8,11.5,0.0,0.0,0.0,0.1,0.05,0.0,-5.0,-0.9,-6.0,-0.1,stiemgr01
425,David Stockton,PG,23.0,SAC,3.0,33.0,10.8,0.463,0.333,1.0,0.0,6.6,3.4,39.1,3.1,0.0,31.6,16.9,0.0,0.0,0.0,0.0,-0.014,0.0,-2.2,-1.7,-3.9,0.0,stockda01
426,Jarnell Stokes,PF,21.0,MEM,19.0,126.0,18.6,0.578,0.0,0.757,14.6,16.3,15.4,5.2,2.1,3.3,12.4,20.5,0.0,0.3,0.2,0.5,0.186,0.0,-1.3,0.1,-1.1,0.0,stokeja01
427,Amar'e Stoudemire,PF,32.0,TOT,59.0,1245.0,20.3,0.595,0.008,0.38,9.9,20.5,15.1,6.8,1.2,2.5,12.0,23.8,0.0,2.6,1.0,3.6,0.138,0.0,1.0,-0.9,0.1,0.7,stoudam01
428,Rodney Stuckey,PG,28.0,IND,71.0,1874.0,15.4,0.528,0.187,0.286,2.1,12.4,7.3,20.2,1.5,0.4,12.2,23.4,0.0,1.9,2.2,4.0,0.103,0.0,0.1,0.2,0.3,1.1,stuckro01
429,Jared Sullinger,PF,22.0,BOS,58.0,1566.0,17.9,0.503,0.26,0.182,10.1,20.9,15.4,14.2,1.4,2.1,9.3,23.6,0.0,1.9,2.1,4.0,0.123,0.0,1.3,-0.2,1.1,1.2,sullija01
430,Jeff Taylor,SF,25.0,CHO,29.0,430.0,8.2,0.481,0.316,0.36,3.5,10.3,6.8,8.2,1.4,0.2,12.6,16.0,0.0,-0.1,0.4,0.3,0.034,0.0,-4.2,-0.6,-4.9,-0.3,tayloje03
431,Jeff Teague,PG,26.0,ATL,73.0,2228.0,20.6,0.566,0.233,0.36,1.6,7.7,4.7,37.9,2.9,1.2,16.6,25.3,0.0,5.0,2.8,7.7,0.166,0.0,2.7,0.3,2.9,2.8,teaguje01
432,Mirza Teletović,PF,29.0,BRK,40.0,892.0,10.7,0.5,0.605,0.144,3.4,20.9,12.2,8.1,0.8,1.4,13.5,20.1,0.0,-0.3,0.8,0.5,0.026,0.0,-1.0,-0.6,-1.7,0.1,teletmi01
433,Sebastian Telfair,PG,29.0,OKC,16.0,327.0,11.4,0.479,0.48,0.272,0.7,9.0,4.9,20.8,1.5,0.0,11.4,20.8,0.0,0.2,0.2,0.4,0.063,0.0,-1.0,-0.4,-1.4,0.1,telfase01
434,Garrett Temple,SG,28.0,WAS,52.0,735.0,10.9,0.534,0.518,0.282,3.8,9.9,6.9,11.0,2.9,1.0,15.1,13.9,0.0,0.4,1.1,1.5,0.1,0.0,-2.0,2.6,0.6,0.5,templga01
435,Jason Terry,SG,37.0,HOU,77.0,1641.0,11.4,0.579,0.724,0.108,1.0,7.1,4.1,13.8,2.0,0.9,13.7,14.3,0.0,2.0,1.5,3.6,0.104,0.0,-0.1,0.6,0.5,1.0,terryja01
436,Isaiah Thomas,PG,25.0,TOT,67.0,1726.0,20.6,0.579,0.434,0.437,2.1,7.7,4.9,27.2,1.6,0.2,13.1,27.8,0.0,5.0,1.1,6.1,0.169,0.0,4.1,-0.9,3.2,2.3,thomais02
437,Lance Thomas,PF-SF,26.0,TOT,62.0,1490.0,8.0,0.456,0.05,0.224,4.8,9.9,7.3,7.4,1.3,0.4,13.2,17.0,0.0,-0.9,0.4,-0.4,-0.014,0.0,-3.9,-1.7,-5.6,-1.3,thomala01
438,Malcolm Thomas,PF,26.0,PHI,17.0,194.0,8.2,0.492,0.175,0.325,8.5,23.5,15.6,6.0,0.8,0.4,22.1,13.2,0.0,-0.1,0.2,0.1,0.023,0.0,-5.3,-1.7,-7.0,-0.2,thomama01
439,Tyrus Thomas,PF,28.0,MEM,2.0,7.0,31.4,1.064,0.0,2.0,0.0,0.0,0.0,22.5,0.0,0.0,0.0,12.3,0.0,0.1,0.0,0.1,0.477,0.0,11.2,7.3,18.5,0.0,thomaty01
440,Hollis Thompson,SG,23.0,PHI,71.0,1776.0,10.9,0.538,0.529,0.164,3.1,9.3,6.0,8.4,1.6,1.2,10.2,15.9,0.0,1.3,1.3,2.6,0.07,0.0,-1.6,-0.3,-1.8,0.1,thompho01
441,Jason Thompson,PF,28.0,SAC,81.0,1991.0,10.2,0.5,0.002,0.334,8.2,21.5,15.1,6.5,0.8,2.3,14.6,12.7,0.0,0.9,1.5,2.4,0.057,0.0,-2.6,-0.2,-2.8,-0.4,thompja02
442,Klay Thompson,SG,24.0,GSW,77.0,2455.0,20.8,0.591,0.42,0.197,1.2,9.4,5.4,14.6,1.7,1.8,9.5,27.6,0.0,5.7,3.1,8.8,0.172,0.0,4.5,-0.1,4.4,4.0,thompkl01
443,Tristan Thompson,PF,23.0,CLE,82.0,2194.0,15.6,0.58,0.0,0.508,14.5,19.7,17.2,2.7,0.8,2.2,12.2,14.0,0.0,4.7,2.1,6.8,0.148,0.0,0.1,-1.4,-1.2,0.4,thomptr01
444,Marcus Thornton,SG,27.0,TOT,48.0,721.0,15.0,0.514,0.414,0.162,3.4,9.7,6.5,8.2,1.9,0.8,6.8,24.1,0.0,0.6,0.7,1.2,0.083,0.0,1.6,-0.4,1.2,0.6,thornma01
445,Anthony Tolliver,PF,29.0,TOT,76.0,1432.0,11.1,0.569,0.738,0.176,3.7,14.5,9.0,6.3,0.9,0.9,10.8,14.7,0.0,1.8,0.9,2.7,0.092,0.0,-0.6,-0.8,-1.4,0.2,tollian01
446,P.J. Tucker,SF,29.0,PHO,78.0,2383.0,12.5,0.541,0.423,0.24,5.2,18.0,11.5,7.4,2.2,0.7,12.7,13.9,0.0,2.2,2.7,4.9,0.098,0.0,-0.7,1.0,0.4,1.4,tuckepj01
447,Ronny Turiaf,C,32.0,MIN,2.0,19.0,4.3,0.0,0.0,0.0,0.0,6.2,3.0,14.0,0.0,0.0,0.0,0.0,0.0,0.0,0.0,0.0,0.009,0.0,-1.3,-1.8,-3.2,0.0,turiaro01
448,Hedo Türkoğlu,SF,35.0,LAC,62.0,705.0,10.5,0.602,0.739,0.059,0.8,14.7,7.9,7.5,1.4,0.8,13.1,14.2,0.0,0.6,0.6,1.2,0.081,0.0,-0.1,-0.1,-0.2,0.3,turkohe01
449,Evan Turner,SG,26.0,BOS,82.0,2260.0,12.8,0.482,0.16,0.189,1.9,18.5,10.1,30.0,1.8,0.7,19.7,19.5,0.0,-0.3,2.8,2.5,0.054,0.0,-1.8,0.8,-1.0,0.6,turneev01
450,Ekpe Udoh,PF,27.0,LAC,33.0,128.0,11.6,0.519,0.0,0.375,6.3,16.4,11.4,8.5,3.2,4.5,20.0,12.3,0.0,0.0,0.2,0.3,0.101,0.0,-3.9,2.7,-1.2,0.0,udohek01
451,Beno Udrih,PG,32.0,MEM,79.0,1494.0,15.4,0.55,0.192,0.202,1.5,9.4,5.5,24.0,1.6,0.4,13.9,19.6,0.0,2.0,1.6,3.6,0.115,0.0,0.3,0.3,0.5,0.9,udrihbe01
452,Jonas Valančiūnas,C,22.0,TOR,80.0,2096.0,20.6,0.623,0.002,0.423,11.8,26.3,19.1,3.1,0.8,3.6,12.4,19.1,0.0,5.8,2.4,8.2,0.189,0.0,1.4,-0.9,0.5,1.3,valanjo01
453,Anderson Varejão,C,32.0,CLE,26.0,636.0,17.7,0.58,0.01,0.225,10.4,20.1,15.3,9.1,1.6,2.0,13.7,18.1,0.0,1.2,0.7,1.9,0.145,0.0,0.6,0.0,0.6,0.4,varejan01
454,Greivis Vásquez,PG,28.0,TOR,82.0,1991.0,12.6,0.514,0.484,0.091,1.3,11.2,6.3,23.9,1.2,0.4,13.6,19.8,0.0,1.9,0.9,2.8,0.066,0.0,0.4,-1.4,-1.0,0.5,vasqugr01
455,Charlie Villanueva,PF,30.0,DAL,64.0,678.0,17.4,0.534,0.61,0.097,4.8,19.3,12.1,4.7,1.1,2.6,6.9,26.7,0.0,0.6,0.7,1.4,0.096,0.0,2.7,-1.2,1.5,0.6,villach01
456,Noah Vonleh,PF,19.0,CHO,25.0,259.0,13.2,0.475,0.171,0.342,11.6,25.3,18.3,2.5,0.8,2.7,11.2,17.3,0.0,0.1,0.4,0.5,0.085,0.0,-2.1,-0.9,-3.1,-0.1,vonleno01
457,Nikola Vučević,C,24.0,ORL,74.0,2529.0,21.5,0.548,0.005,0.181,10.4,26.0,18.1,11.0,1.1,1.7,10.2,26.0,0.0,4.5,2.5,7.0,0.133,0.0,2.0,-1.2,0.9,1.8,vucevni01
458,Dwyane Wade,SG,33.0,MIA,62.0,1971.0,21.4,0.534,0.094,0.341,3.6,9.6,6.7,32.1,2.0,0.9,14.4,34.7,0.0,2.1,1.4,3.5,0.086,0.0,3.5,-1.4,2.1,2.1,wadedw01
459,Dion Waiters,SG,23.0,TOT,80.0,2208.0,10.9,0.46,0.26,0.182,2.1,7.4,4.8,11.9,2.1,0.8,10.0,22.5,0.0,-0.6,1.7,1.1,0.025,0.0,-2.5,-0.8,-3.3,-0.7,waitedi01
460,Henry Walker,SF,27.0,MIA,24.0,628.0,8.0,0.497,0.786,0.107,1.4,14.0,7.8,7.2,2.0,1.2,12.0,15.0,0.0,-0.1,0.6,0.5,0.039,0.0,-2.5,0.4,-2.0,0.0,walkebi01
461,Kemba Walker,PG,24.0,CHO,62.0,2119.0,17.6,0.486,0.285,0.288,1.8,9.9,5.7,27.1,2.2,1.2,8.3,25.9,0.0,1.8,2.6,4.5,0.101,0.0,1.7,0.6,2.3,2.3,walkeke02
462,John Wall,PG,24.0,WAS,79.0,2837.0,19.9,0.523,0.186,0.31,1.5,12.8,7.3,46.3,2.5,1.3,18.7,26.1,0.0,3.6,4.2,7.8,0.132,0.0,2.6,1.0,3.6,4.0,walljo01
463,Gerald Wallace,SF,32.0,BOS,32.0,286.0,6.2,0.431,0.088,0.441,6.4,15.5,10.9,5.1,2.6,1.1,30.7,9.0,0.0,-0.3,0.4,0.1,0.014,0.0,-4.5,1.4,-3.1,-0.1,wallage01
464,T.J. Warren,SF,21.0,PHO,40.0,614.0,14.0,0.551,0.098,0.089,7.3,7.9,7.6,6.6,1.5,1.1,10.8,17.8,0.0,0.7,0.4,1.1,0.085,0.0,-0.6,-0.4,-0.9,0.2,warretj01
465,C.J. Watson,PG,30.0,IND,57.0,1422.0,15.4,0.581,0.42,0.4,1.4,11.2,6.3,23.3,2.1,0.5,16.9,18.8,0.0,2.2,1.8,4.0,0.135,0.0,0.6,0.8,1.3,1.2,watsocj01
466,David Wear,PF,24.0,SAC,2.0,7.0,2.4,0.0,0.5,0.0,33.6,0.0,16.2,18.8,0.0,0.0,0.0,12.6,0.0,0.0,0.0,0.0,-0.11,0.0,-3.2,-6.2,-9.4,0.0,wearda01
467,Travis Wear,SF,24.0,NYK,51.0,672.0,8.5,0.451,0.144,0.124,5.2,13.3,9.1,9.9,1.2,1.4,13.7,17.5,0.0,-0.5,0.2,-0.3,-0.02,0.0,-3.4,-2.1,-5.5,-0.6,weartr01
468,Martell Webster,SF,28.0,WAS,32.0,352.0,5.9,0.445,0.473,0.703,3.3,11.3,7.4,6.7,1.0,0.2,15.6,18.2,0.0,-0.3,0.3,0.0,0.0,0.0,-4.4,-1.2,-5.6,-0.3,webstma02
469,David West,PF,34.0,IND,66.0,1895.0,16.0,0.508,0.029,0.235,6.4,19.7,13.1,20.1,1.3,2.0,13.7,21.0,0.0,1.4,2.8,4.3,0.108,0.0,0.3,1.3,1.6,1.7,westda01
470,Russell Westbrook,PG,26.0,OKC,67.0,2302.0,29.1,0.536,0.196,0.445,5.9,16.7,11.4,47.0,3.0,0.5,14.3,38.4,0.0,7.5,3.2,10.6,0.222,0.0,6.9,1.2,8.1,5.8,westbru01
471,Hassan Whiteside,C,25.0,MIA,48.0,1142.0,26.2,0.619,0.0,0.403,15.6,34.7,25.4,1.0,1.2,9.2,11.3,21.1,0.0,2.8,2.4,5.3,0.221,0.0,2.5,1.6,4.1,1.8,whiteha01
472,Shayne Whittington,PF,23.0,IND,20.0,108.0,20.0,0.547,0.143,0.548,10.3,19.3,14.8,9.6,2.4,1.5,8.8,23.9,0.0,0.3,0.2,0.4,0.2,0.0,-0.3,0.7,0.4,0.1,whittsh01
473,Andrew Wiggins,SF,19.0,MIN,82.0,2969.0,13.9,0.517,0.111,0.41,5.0,9.5,7.2,9.8,1.5,1.3,11.7,22.6,0.0,2.1,0.0,2.1,0.034,0.0,-0.4,-2.0,-2.4,-0.3,wiggian01
474,C.J. Wilcox,SG,24.0,LAC,21.0,101.0,8.5,0.527,0.5,0.053,1.1,6.5,3.9,12.0,1.5,0.8,20.5,21.8,0.0,-0.1,0.1,0.0,-0.024,0.0,-3.0,-1.8,-4.9,-0.1,wilcocj01
475,Deron Williams,PG,30.0,BRK,68.0,2114.0,15.7,0.504,0.307,0.313,1.5,11.0,6.3,33.7,1.6,0.6,14.9,22.3,0.0,2.3,1.3,3.6,0.083,0.0,1.1,-0.9,0.2,1.2,willide01
476,Derrick Williams,PF,23.0,SAC,74.0,1462.0,12.8,0.54,0.322,0.404,3.3,12.1,7.8,5.6,1.2,0.2,8.9,18.9,0.0,1.7,0.4,2.1,0.069,0.0,-0.3,-1.6,-2.0,0.0,willide02
477,Elliot Williams,SG,25.0,TOT,13.0,119.0,8.7,0.477,0.486,0.108,0.0,7.7,3.8,15.5,1.8,0.0,9.4,16.4,0.0,0.0,0.1,0.1,0.039,0.0,-2.7,-0.2,-2.8,0.0,williel01
478,Lou Williams,SG,28.0,TOR,80.0,2016.0,19.9,0.564,0.482,0.426,1.4,7.3,4.3,13.6,2.3,0.4,8.4,27.0,0.0,5.4,1.1,6.6,0.157,0.0,3.5,-0.9,2.6,2.3,willilo02
479,Marvin Williams,PF,28.0,CHO,78.0,2035.0,11.8,0.541,0.535,0.176,3.1,18.2,10.4,7.8,1.8,1.4,10.1,13.3,0.0,1.5,2.9,4.3,0.102,0.0,-1.4,1.4,0.0,1.0,willima02
480,Mo Williams,PG,32.0,TOT,68.0,1980.0,15.4,0.512,0.405,0.217,1.2,8.9,4.9,37.4,1.2,0.6,15.4,25.2,0.0,1.6,0.6,2.1,0.052,0.0,1.5,-2.3,-0.8,0.6,willima01
481,Reggie Williams,SF,28.0,SAS,20.0,105.0,10.5,0.454,0.487,0.103,5.5,12.7,9.2,14.4,0.5,0.0,4.7,18.5,0.0,0.1,0.1,0.2,0.083,0.0,-2.0,-0.9,-3.0,0.0,willire02
482,Shawne Williams,SF,28.0,TOT,63.0,1087.0,10.5,0.537,0.593,0.133,3.9,14.0,9.0,6.5,1.2,1.6,8.6,14.9,0.0,1.1,0.8,1.9,0.084,0.0,-1.4,-0.6,-2.0,0.0,willish03
483,Jeff Withey,C,24.0,NOP,37.0,259.0,17.6,0.57,0.0,0.781,10.1,17.9,14.0,6.4,0.8,5.3,12.2,17.3,0.0,0.5,0.3,0.8,0.149,0.0,-0.4,-0.1,-0.5,0.1,witheje01
484,Nate Wolters,PG,23.0,TOT,21.0,247.0,4.6,0.352,0.123,0.105,3.7,11.9,7.8,12.2,1.7,0.6,17.9,13.3,0.0,-0.4,0.2,-0.2,-0.036,0.0,-6.0,0.2,-5.8,-0.2,woltena01
485,Brandan Wright,PF,27.0,TOT,75.0,1449.0,20.4,0.66,0.008,0.309,9.6,14.7,12.1,4.4,1.7,5.1,7.6,13.6,0.0,4.3,1.8,6.1,0.202,0.0,2.1,1.6,3.7,2.1,wrighbr03
486,Dorell Wright,SF,29.0,POR,48.0,592.0,13.4,0.525,0.568,0.221,2.6,17.2,10.0,10.2,1.7,1.3,7.9,17.1,0.0,0.7,0.8,1.6,0.128,0.0,0.3,1.5,1.8,0.6,wrighdo01
487,Tony Wroten,PG,21.0,PHI,30.0,895.0,14.9,0.494,0.327,0.415,2.5,8.1,5.2,34.9,2.7,0.7,18.0,30.5,0.0,-0.6,0.9,0.3,0.014,0.0,0.0,-1.2,-1.2,0.2,wroteto01
488,James Young,SG,19.0,BOS,31.0,332.0,8.5,0.457,0.647,0.284,2.9,11.0,6.9,5.6,1.2,0.5,4.2,15.8,0.0,0.1,0.3,0.3,0.047,0.0,-2.5,-0.9,-3.4,-0.1,youngja01
489,Nick Young,SG,29.0,LAL,42.0,1000.0,14.2,0.52,0.473,0.311,1.8,9.1,5.3,6.9,1.2,0.9,7.5,26.0,0.0,1.1,0.1,1.2,0.058,0.0,0.8,-2.1,-1.3,0.2,youngni01
490,Thaddeus Young,PF,26.0,TOT,76.0,2434.0,15.7,0.507,0.119,0.207,5.8,13.5,9.6,12.4,2.6,0.8,10.0,21.5,0.0,1.6,1.4,3.1,0.061,0.0,0.0,-0.2,-0.1,1.1,youngth01
491,Cody Zeller,C,22.0,CHO,62.0,1487.0,14.1,0.53,0.003,0.44,7.0,20.1,13.4,10.9,1.2,2.6,12.2,15.6,0.0,1.6,2.2,3.8,0.123,0.0,-2.0,1.4,-0.6,0.5,zelleco01
492,Tyler Zeller,C,25.0,BOS,82.0,1731.0,18.9,0.594,0.0,0.3,9.1,20.5,14.7,10.8,0.5,2.3,9.8,19.6,0.0,4.5,2.0,6.5,0.179,0.0,1.0,0.0,0.9,1.3,zellety01
